CREATE DATABASE  IF NOT EXISTS `feedback_orchestrator_test` /*!40100 DEFAULT CHARACTER SET latin1 */;
USE `feedback_orchestrator_test`;
-- MySQL dump 10.13  Distrib 5.5.41, for debian-linux-gnu (x86_64)
--
-- Host: 127.0.0.1    Database: feedback_orchestrator_test
-- ------------------------------------------------------
-- Server version	5.5.41-0ubuntu0.14.04.1

/*!40101 SET @OLD_CHARACTER_SET_CLIENT=@@CHARACTER_SET_CLIENT */;
/*!40101 SET @OLD_CHARACTER_SET_RESULTS=@@CHARACTER_SET_RESULTS */;
/*!40101 SET @OLD_COLLATION_CONNECTION=@@COLLATION_CONNECTION */;
/*!40101 SET NAMES utf8 */;
/*!40103 SET @OLD_TIME_ZONE=@@TIME_ZONE */;
/*!40103 SET TIME_ZONE='+00:00' */;
/*!40014 SET @OLD_UNIQUE_CHECKS=@@UNIQUE_CHECKS, UNIQUE_CHECKS=0 */;
/*!40014 SET @OLD_FOREIGN_KEY_CHECKS=@@FOREIGN_KEY_CHECKS, FOREIGN_KEY_CHECKS=0 */;
/*!40101 SET @OLD_SQL_MODE=@@SQL_MODE, SQL_MODE='NO_AUTO_VALUE_ON_ZERO' */;
/*!40111 SET @OLD_SQL_NOTES=@@SQL_NOTES, SQL_NOTES=0 */;

--
-- Table structure for table `applications1`
--

DROP TABLE IF EXISTS `applications1`;
/*!40101 SET @saved_cs_client     = @@character_set_client */;
/*!40101 SET character_set_client = utf8 */;
CREATE TABLE `applications1` (
  `id` int(11) NOT NULL AUTO_INCREMENT,
  PRIMARY KEY (`id`)
) ENGINE=InnoDB AUTO_INCREMENT=23 DEFAULT CHARSET=utf8;
/*!40101 SET character_set_client = @saved_cs_client */;

--
-- Dumping data for table `applications1`
--

LOCK TABLES `applications1` WRITE;
/*!40000 ALTER TABLE `applications1` DISABLE KEYS */;
INSERT INTO `applications1` VALUES (14),(15),(16),(17),(18),(19),(20),(21),(22);
/*!40000 ALTER TABLE `applications1` ENABLE KEYS */;
UNLOCK TABLES;

--
-- Table structure for table `applications1_history`
--

DROP TABLE IF EXISTS `applications1_history`;
/*!40101 SET @saved_cs_client     = @@character_set_client */;
/*!40101 SET character_set_client = utf8 */;
CREATE TABLE `applications1_history` (
  `id` int(11) NOT NULL AUTO_INCREMENT,
  `name` varchar(255) NOT NULL,
  `state` int(11) DEFAULT NULL,
  `created_at` timestamp NOT NULL DEFAULT CURRENT_TIMESTAMP,
  `general_configurations_id` int(11) DEFAULT NULL,
  `applications1_id` int(11) NOT NULL,
  `current_version` bit(1) NOT NULL DEFAULT b'1',
  PRIMARY KEY (`id`),
  KEY `fk_applications_1_idx` (`general_configurations_id`),
  KEY `fk_applications_history_2_idx` (`applications1_id`),
  CONSTRAINT `fk_applications1_history_1` FOREIGN KEY (`general_configurations_id`) REFERENCES `general_configurations` (`id`) ON DELETE NO ACTION ON UPDATE NO ACTION,
  CONSTRAINT `fk_applications1_history_2` FOREIGN KEY (`applications1_id`) REFERENCES `applications1` (`id`) ON DELETE NO ACTION ON UPDATE NO ACTION
) ENGINE=InnoDB AUTO_INCREMENT=60 DEFAULT CHARSET=utf8;
/*!40101 SET character_set_client = @saved_cs_client */;

--
-- Dumping data for table `applications1_history`
--

LOCK TABLES `applications1_history` WRITE;
/*!40000 ALTER TABLE `applications1_history` DISABLE KEYS */;
INSERT INTO `applications1_history` VALUES (50,'Senercon Website',1,'2016-09-01 14:45:10',63,14,'\0'),(51,'Senercon Website 2',1,'2016-09-01 14:50:04',63,14,'\0'),(52,'Senercon Website 3',1,'2016-09-05 14:34:30',67,15,'\0'),(53,'Senercon Website',1,'2016-09-05 14:46:25',71,16,'\0'),(54,'Senercon Website 3',1,'2016-09-05 15:07:14',75,17,'\0'),(55,'Test Website',1,'2016-09-05 15:15:31',79,18,'\0'),(56,'Test Website 20',1,'2016-09-05 15:17:24',83,19,'\0'),(57,'Test Website',1,'2016-09-05 15:33:06',87,20,'\0'),(58,'Test Website 2',1,'2016-09-05 15:34:02',91,21,'\0'),(59,'Test Website 3',1,'2016-09-05 15:34:12',95,22,'\0');
/*!40000 ALTER TABLE `applications1_history` ENABLE KEYS */;
UNLOCK TABLES;

--
-- Table structure for table `configurations`
--

DROP TABLE IF EXISTS `configurations`;
/*!40101 SET @saved_cs_client     = @@character_set_client */;
/*!40101 SET character_set_client = utf8 */;
CREATE TABLE `configurations` (
  `id` int(11) NOT NULL AUTO_INCREMENT,
  PRIMARY KEY (`id`)
) ENGINE=InnoDB AUTO_INCREMENT=44 DEFAULT CHARSET=utf8;
/*!40101 SET character_set_client = @saved_cs_client */;

--
-- Dumping data for table `configurations`
--

LOCK TABLES `configurations` WRITE;
/*!40000 ALTER TABLE `configurations` DISABLE KEYS */;
INSERT INTO `configurations` VALUES (17),(18),(19),(20),(21),(22),(23),(24),(25),(26),(27),(28),(29),(30),(31),(32),(33),(34),(35),(36),(37),(38),(39),(40),(41),(42),(43);
/*!40000 ALTER TABLE `configurations` ENABLE KEYS */;
UNLOCK TABLES;

--
-- Table structure for table `configurations_history`
--

DROP TABLE IF EXISTS `configurations_history`;
/*!40101 SET @saved_cs_client     = @@character_set_client */;
/*!40101 SET character_set_client = utf8 */;
CREATE TABLE `configurations_history` (
  `id` int(11) NOT NULL AUTO_INCREMENT,
  `name` varchar(45) DEFAULT NULL,
  `created_at` timestamp NOT NULL DEFAULT CURRENT_TIMESTAMP,
  `applications_id` int(11) NOT NULL,
  `user_groups_id` int(11) DEFAULT NULL,
  `type` enum('PUSH','PULL') NOT NULL,
  `general_configurations_id` int(11) DEFAULT NULL,
  `configurations_id` int(11) NOT NULL,
  `current_version` bit(1) NOT NULL DEFAULT b'1',
  PRIMARY KEY (`id`),
  UNIQUE KEY `application_id` (`applications_id`,`user_groups_id`),
  KEY `fk_configurations_1_idx` (`applications_id`),
  KEY `fk_configurations_2_idx` (`user_groups_id`),
  KEY `fk_configurations_3_idx` (`general_configurations_id`),
  KEY `fk_configurations_history_1_idx` (`configurations_id`),
  CONSTRAINT `fk_configurations_history_1` FOREIGN KEY (`configurations_id`) REFERENCES `configurations` (`id`) ON DELETE NO ACTION ON UPDATE NO ACTION,
  CONSTRAINT `fk_configurations_history_2` FOREIGN KEY (`user_groups_id`) REFERENCES `user_groups` (`id`) ON DELETE NO ACTION ON UPDATE NO ACTION,
  CONSTRAINT `fk_configurations_history_3` FOREIGN KEY (`general_configurations_id`) REFERENCES `general_configurations` (`id`) ON DELETE NO ACTION ON UPDATE NO ACTION,
  CONSTRAINT `fk_configurations_history_4` FOREIGN KEY (`applications_id`) REFERENCES `applications1` (`id`) ON DELETE NO ACTION ON UPDATE NO ACTION
) ENGINE=InnoDB AUTO_INCREMENT=78 DEFAULT CHARSET=utf8;
/*!40101 SET character_set_client = @saved_cs_client */;

--
-- Dumping data for table `configurations_history`
--

LOCK TABLES `configurations_history` WRITE;
/*!40000 ALTER TABLE `configurations_history` DISABLE KEYS */;
INSERT INTO `configurations_history` VALUES (51,NULL,'2016-09-01 14:45:10',14,NULL,'PUSH',64,17,'\0'),(52,NULL,'2016-09-01 14:45:10',14,NULL,'PULL',65,18,'\0'),(53,NULL,'2016-09-01 14:45:10',14,NULL,'PULL',66,19,'\0'),(54,NULL,'2016-09-05 14:34:30',15,NULL,'PUSH',68,20,'\0'),(55,NULL,'2016-09-05 14:34:30',15,NULL,'PULL',69,21,'\0'),(56,NULL,'2016-09-05 14:34:30',15,NULL,'PULL',70,22,'\0'),(57,NULL,'2016-09-05 14:46:25',16,NULL,'PUSH',72,23,'\0'),(58,NULL,'2016-09-05 14:46:25',16,NULL,'PULL',73,24,'\0'),(59,NULL,'2016-09-05 14:46:25',16,NULL,'PULL',74,25,'\0'),(60,NULL,'2016-09-05 15:07:14',17,NULL,'PUSH',76,26,'\0'),(61,NULL,'2016-09-05 15:07:14',17,NULL,'PULL',77,27,'\0'),(62,NULL,'2016-09-05 15:07:14',17,NULL,'PULL',78,28,'\0'),(63,NULL,'2016-09-05 15:15:31',18,NULL,'PUSH',80,29,'\0'),(64,NULL,'2016-09-05 15:15:31',18,NULL,'PULL',81,30,'\0'),(65,NULL,'2016-09-05 15:15:31',18,NULL,'PULL',82,31,'\0'),(66,NULL,'2016-09-05 15:17:24',19,NULL,'PUSH',84,32,'\0'),(67,NULL,'2016-09-05 15:17:24',19,NULL,'PULL',85,33,'\0'),(68,NULL,'2016-09-05 15:17:24',19,NULL,'PULL',86,34,'\0'),(69,NULL,'2016-09-05 15:33:08',20,NULL,'PUSH',88,35,'\0'),(70,NULL,'2016-09-05 15:33:49',20,NULL,'PULL',89,36,'\0'),(71,NULL,'2016-09-05 15:33:49',20,NULL,'PULL',90,37,'\0'),(72,NULL,'2016-09-05 15:34:02',21,NULL,'PUSH',92,38,'\0'),(73,NULL,'2016-09-05 15:34:02',21,NULL,'PULL',93,39,'\0'),(74,NULL,'2016-09-05 15:34:03',21,NULL,'PULL',94,40,'\0'),(75,NULL,'2016-09-05 15:34:12',22,NULL,'PUSH',96,41,'\0'),(76,NULL,'2016-09-05 15:34:12',22,NULL,'PULL',97,42,'\0'),(77,NULL,'2016-09-05 15:34:12',22,NULL,'PULL',98,43,'\0');
/*!40000 ALTER TABLE `configurations_history` ENABLE KEYS */;
UNLOCK TABLES;

--
-- Table structure for table `configurations_mechanisms`
--

DROP TABLE IF EXISTS `configurations_mechanisms`;
/*!40101 SET @saved_cs_client     = @@character_set_client */;
/*!40101 SET character_set_client = utf8 */;
CREATE TABLE `configurations_mechanisms` (
  `id` int(11) NOT NULL AUTO_INCREMENT,
  PRIMARY KEY (`id`)
) ENGINE=InnoDB DEFAULT CHARSET=utf8;
/*!40101 SET character_set_client = @saved_cs_client */;

--
-- Dumping data for table `configurations_mechanisms`
--

LOCK TABLES `configurations_mechanisms` WRITE;
/*!40000 ALTER TABLE `configurations_mechanisms` DISABLE KEYS */;
/*!40000 ALTER TABLE `configurations_mechanisms` ENABLE KEYS */;
UNLOCK TABLES;

--
-- Table structure for table `configurations_mechanisms_history`
--

DROP TABLE IF EXISTS `configurations_mechanisms_history`;
/*!40101 SET @saved_cs_client     = @@character_set_client */;
/*!40101 SET character_set_client = utf8 */;
CREATE TABLE `configurations_mechanisms_history` (
  `id` int(11) NOT NULL AUTO_INCREMENT,
  `configurations_id` int(11) NOT NULL,
  `mechanisms_id` int(11) NOT NULL,
  `active` bit(1) NOT NULL,
  `order` int(11) NOT NULL,
  `can_be_activated` bit(1) NOT NULL,
  `configurations_mechanisms_id` int(11) DEFAULT NULL,
  `created_at` timestamp NOT NULL DEFAULT CURRENT_TIMESTAMP,
  PRIMARY KEY (`id`),
  KEY `fk_configurations_mechanisms_1_idx` (`configurations_id`),
  KEY `fk_configurations_mechanisms_2_idx` (`mechanisms_id`),
  KEY `fk_configurations_mechanisms_history_3_idx` (`configurations_mechanisms_id`),
  CONSTRAINT `fk_configurations_mechanisms_history_1` FOREIGN KEY (`configurations_id`) REFERENCES `configurations` (`id`) ON DELETE NO ACTION ON UPDATE NO ACTION,
  CONSTRAINT `fk_configurations_mechanisms_history_2` FOREIGN KEY (`mechanisms_id`) REFERENCES `mechanisms` (`id`) ON DELETE NO ACTION ON UPDATE NO ACTION,
  CONSTRAINT `fk_configurations_mechanisms_history_3` FOREIGN KEY (`configurations_mechanisms_id`) REFERENCES `configurations_mechanisms` (`id`) ON DELETE NO ACTION ON UPDATE NO ACTION
) ENGINE=InnoDB AUTO_INCREMENT=1728 DEFAULT CHARSET=utf8;
/*!40101 SET character_set_client = @saved_cs_client */;

--
-- Dumping data for table `configurations_mechanisms_history`
--

LOCK TABLES `configurations_mechanisms_history` WRITE;
/*!40000 ALTER TABLE `configurations_mechanisms_history` DISABLE KEYS */;
INSERT INTO `configurations_mechanisms_history` VALUES (1623,17,624,'',1,'\0',NULL,'0000-00-00 00:00:00'),(1624,17,625,'\0',2,'\0',NULL,'0000-00-00 00:00:00'),(1625,17,626,'',3,'\0',NULL,'0000-00-00 00:00:00'),(1626,17,627,'',4,'\0',NULL,'0000-00-00 00:00:00'),(1627,18,628,'',1,'\0',NULL,'0000-00-00 00:00:00'),(1628,18,629,'',4,'\0',NULL,'0000-00-00 00:00:00'),(1629,18,630,'',3,'\0',NULL,'0000-00-00 00:00:00'),(1630,19,631,'',1,'\0',NULL,'0000-00-00 00:00:00'),(1631,19,632,'',2,'\0',NULL,'0000-00-00 00:00:00'),(1632,17,624,'',1,'\0',NULL,'0000-00-00 00:00:00'),(1633,17,625,'\0',2,'\0',NULL,'0000-00-00 00:00:00'),(1634,17,626,'',3,'\0',NULL,'0000-00-00 00:00:00'),(1635,17,627,'',4,'\0',NULL,'0000-00-00 00:00:00'),(1636,18,628,'',1,'\0',NULL,'0000-00-00 00:00:00'),(1637,18,629,'',4,'\0',NULL,'0000-00-00 00:00:00'),(1638,18,630,'',3,'\0',NULL,'0000-00-00 00:00:00'),(1639,19,631,'',1,'\0',NULL,'0000-00-00 00:00:00'),(1640,19,632,'',2,'\0',NULL,'0000-00-00 00:00:00'),(1641,20,633,'',1,'\0',NULL,'0000-00-00 00:00:00'),(1642,20,634,'\0',2,'\0',NULL,'0000-00-00 00:00:00'),(1643,20,635,'',3,'\0',NULL,'0000-00-00 00:00:00'),(1644,20,636,'',4,'\0',NULL,'0000-00-00 00:00:00'),(1645,21,637,'',1,'\0',NULL,'0000-00-00 00:00:00'),(1646,21,638,'',4,'\0',NULL,'0000-00-00 00:00:00'),(1647,21,639,'',3,'\0',NULL,'0000-00-00 00:00:00'),(1648,22,640,'',1,'\0',NULL,'0000-00-00 00:00:00'),(1649,22,641,'',2,'\0',NULL,'0000-00-00 00:00:00'),(1650,23,642,'',1,'\0',NULL,'0000-00-00 00:00:00'),(1651,23,643,'\0',2,'\0',NULL,'0000-00-00 00:00:00'),(1652,23,644,'',3,'\0',NULL,'0000-00-00 00:00:00'),(1653,23,645,'',4,'\0',NULL,'0000-00-00 00:00:00'),(1654,24,646,'',1,'\0',NULL,'0000-00-00 00:00:00'),(1655,24,647,'',4,'\0',NULL,'0000-00-00 00:00:00'),(1656,24,648,'',3,'\0',NULL,'0000-00-00 00:00:00'),(1657,25,649,'',1,'\0',NULL,'0000-00-00 00:00:00'),(1658,25,650,'',2,'\0',NULL,'0000-00-00 00:00:00'),(1662,26,654,'',1,'\0',NULL,'0000-00-00 00:00:00'),(1663,26,655,'\0',2,'\0',NULL,'0000-00-00 00:00:00'),(1664,26,656,'',3,'\0',NULL,'0000-00-00 00:00:00'),(1665,26,657,'',4,'\0',NULL,'0000-00-00 00:00:00'),(1666,27,658,'',1,'\0',NULL,'0000-00-00 00:00:00'),(1667,27,659,'',4,'\0',NULL,'0000-00-00 00:00:00'),(1668,27,660,'',3,'\0',NULL,'0000-00-00 00:00:00'),(1669,28,661,'',1,'\0',NULL,'0000-00-00 00:00:00'),(1670,28,662,'',2,'\0',NULL,'0000-00-00 00:00:00'),(1673,29,665,'',1,'\0',NULL,'0000-00-00 00:00:00'),(1674,29,666,'\0',2,'\0',NULL,'0000-00-00 00:00:00'),(1675,29,667,'',3,'\0',NULL,'0000-00-00 00:00:00'),(1676,29,668,'',4,'\0',NULL,'0000-00-00 00:00:00'),(1677,30,669,'',1,'\0',NULL,'0000-00-00 00:00:00'),(1678,30,670,'',4,'\0',NULL,'0000-00-00 00:00:00'),(1679,30,671,'',3,'\0',NULL,'0000-00-00 00:00:00'),(1680,31,672,'',1,'\0',NULL,'0000-00-00 00:00:00'),(1681,31,673,'',2,'\0',NULL,'0000-00-00 00:00:00'),(1683,32,675,'',1,'\0',NULL,'0000-00-00 00:00:00'),(1684,32,676,'\0',2,'\0',NULL,'0000-00-00 00:00:00'),(1685,32,677,'',3,'\0',NULL,'0000-00-00 00:00:00'),(1686,32,678,'',4,'\0',NULL,'0000-00-00 00:00:00'),(1687,33,679,'',1,'\0',NULL,'0000-00-00 00:00:00'),(1688,33,680,'',4,'\0',NULL,'0000-00-00 00:00:00'),(1689,33,681,'',3,'\0',NULL,'0000-00-00 00:00:00'),(1690,34,682,'',1,'\0',NULL,'0000-00-00 00:00:00'),(1691,34,683,'',2,'\0',NULL,'0000-00-00 00:00:00'),(1697,35,689,'',1,'\0',NULL,'0000-00-00 00:00:00'),(1698,35,690,'\0',2,'\0',NULL,'0000-00-00 00:00:00'),(1699,35,691,'',3,'\0',NULL,'0000-00-00 00:00:00'),(1700,35,692,'',4,'\0',NULL,'0000-00-00 00:00:00'),(1701,36,693,'',1,'\0',NULL,'0000-00-00 00:00:00'),(1702,36,694,'',4,'\0',NULL,'0000-00-00 00:00:00'),(1703,36,695,'',3,'\0',NULL,'0000-00-00 00:00:00'),(1704,37,696,'',1,'\0',NULL,'0000-00-00 00:00:00'),(1705,37,697,'',2,'\0',NULL,'0000-00-00 00:00:00'),(1706,38,698,'',1,'\0',NULL,'0000-00-00 00:00:00'),(1707,38,699,'\0',2,'\0',NULL,'0000-00-00 00:00:00'),(1708,38,700,'',3,'\0',NULL,'0000-00-00 00:00:00'),(1709,38,701,'',4,'\0',NULL,'0000-00-00 00:00:00'),(1710,39,702,'',1,'\0',NULL,'0000-00-00 00:00:00'),(1711,39,703,'',4,'\0',NULL,'0000-00-00 00:00:00'),(1712,39,704,'',3,'\0',NULL,'0000-00-00 00:00:00'),(1713,40,705,'',1,'\0',NULL,'0000-00-00 00:00:00'),(1714,40,706,'',2,'\0',NULL,'0000-00-00 00:00:00'),(1715,41,707,'',1,'\0',NULL,'0000-00-00 00:00:00'),(1716,41,708,'\0',2,'\0',NULL,'0000-00-00 00:00:00'),(1717,41,709,'',3,'\0',NULL,'0000-00-00 00:00:00'),(1718,41,710,'',4,'\0',NULL,'0000-00-00 00:00:00'),(1719,42,711,'',1,'\0',NULL,'0000-00-00 00:00:00'),(1720,42,712,'',4,'\0',NULL,'0000-00-00 00:00:00'),(1721,42,713,'',3,'\0',NULL,'0000-00-00 00:00:00'),(1722,43,714,'',1,'\0',NULL,'0000-00-00 00:00:00'),(1723,43,715,'',2,'\0',NULL,'0000-00-00 00:00:00'),(1724,17,625,'',2,'\0',NULL,'0000-00-00 00:00:00'),(1725,17,625,'',2,'\0',NULL,'0000-00-00 00:00:00'),(1726,17,625,'',3,'\0',NULL,'0000-00-00 00:00:00'),(1727,17,625,'',2,'\0',NULL,'0000-00-00 00:00:00');
/*!40000 ALTER TABLE `configurations_mechanisms_history` ENABLE KEYS */;
UNLOCK TABLES;

--
-- Table structure for table `general_configurations`
--

DROP TABLE IF EXISTS `general_configurations`;
/*!40101 SET @saved_cs_client     = @@character_set_client */;
/*!40101 SET character_set_client = utf8 */;
CREATE TABLE `general_configurations` (
  `id` int(11) NOT NULL AUTO_INCREMENT,
  PRIMARY KEY (`id`)
) ENGINE=InnoDB AUTO_INCREMENT=99 DEFAULT CHARSET=utf8;
/*!40101 SET character_set_client = @saved_cs_client */;

--
-- Dumping data for table `general_configurations`
--

LOCK TABLES `general_configurations` WRITE;
/*!40000 ALTER TABLE `general_configurations` DISABLE KEYS */;
INSERT INTO `general_configurations` VALUES (63),(64),(65),(66),(67),(68),(69),(70),(71),(72),(73),(74),(75),(76),(77),(78),(79),(80),(81),(82),(83),(84),(85),(86),(87),(88),(89),(90),(91),(92),(93),(94),(95),(96),(97),(98);
/*!40000 ALTER TABLE `general_configurations` ENABLE KEYS */;
UNLOCK TABLES;

--
-- Table structure for table `general_configurations_history`
--

DROP TABLE IF EXISTS `general_configurations_history`;
/*!40101 SET @saved_cs_client     = @@character_set_client */;
/*!40101 SET character_set_client = utf8 */;
CREATE TABLE `general_configurations_history` (
  `id` int(11) NOT NULL AUTO_INCREMENT,
  `created_at` timestamp NOT NULL DEFAULT CURRENT_TIMESTAMP,
  `name` varchar(45) DEFAULT NULL,
  `general_configurations_id` int(11) NOT NULL,
  `current_version` bit(1) NOT NULL DEFAULT b'1',
  PRIMARY KEY (`id`),
  KEY `fk_general_configurations_history_1_idx` (`general_configurations_id`),
  CONSTRAINT `fk_general_configurations_history_1` FOREIGN KEY (`general_configurations_id`) REFERENCES `general_configurations` (`id`) ON DELETE NO ACTION ON UPDATE NO ACTION
) ENGINE=InnoDB AUTO_INCREMENT=122 DEFAULT CHARSET=utf8;
/*!40101 SET character_set_client = @saved_cs_client */;

--
-- Dumping data for table `general_configurations_history`
--

LOCK TABLES `general_configurations_history` WRITE;
/*!40000 ALTER TABLE `general_configurations_history` DISABLE KEYS */;
INSERT INTO `general_configurations_history` VALUES (84,'2016-09-01 14:45:10',NULL,63,'\0'),(85,'2016-09-01 14:45:10',NULL,64,'\0'),(86,'2016-09-01 14:45:10',NULL,65,'\0'),(87,'2016-09-01 14:45:10',NULL,66,'\0'),(88,'2016-09-01 14:50:04',NULL,63,'\0'),(89,'2016-09-01 15:15:31',NULL,66,'\0'),(90,'2016-09-05 14:34:30',NULL,67,'\0'),(91,'2016-09-05 14:34:30',NULL,68,'\0'),(92,'2016-09-05 14:34:30',NULL,69,'\0'),(93,'2016-09-05 14:34:30',NULL,70,'\0'),(94,'2016-09-05 14:46:25',NULL,71,'\0'),(95,'2016-09-05 14:46:25',NULL,72,'\0'),(96,'2016-09-05 14:46:25',NULL,73,'\0'),(97,'2016-09-05 14:46:25',NULL,74,'\0'),(98,'2016-09-05 15:07:14',NULL,75,'\0'),(99,'2016-09-05 15:07:14',NULL,76,'\0'),(100,'2016-09-05 15:07:14',NULL,77,'\0'),(101,'2016-09-05 15:07:14',NULL,78,'\0'),(102,'2016-09-05 15:15:31',NULL,79,'\0'),(103,'2016-09-05 15:15:31',NULL,80,'\0'),(104,'2016-09-05 15:15:31',NULL,81,'\0'),(105,'2016-09-05 15:15:31',NULL,82,'\0'),(106,'2016-09-05 15:17:24',NULL,83,'\0'),(107,'2016-09-05 15:17:24',NULL,84,'\0'),(108,'2016-09-05 15:17:24',NULL,85,'\0'),(109,'2016-09-05 15:17:24',NULL,86,'\0'),(110,'2016-09-05 15:32:59',NULL,87,'\0'),(111,'2016-09-05 15:33:06',NULL,88,'\0'),(112,'2016-09-05 15:33:49',NULL,89,'\0'),(113,'2016-09-05 15:33:49',NULL,90,'\0'),(114,'2016-09-05 15:34:02',NULL,91,'\0'),(115,'2016-09-05 15:34:02',NULL,92,'\0'),(116,'2016-09-05 15:34:02',NULL,93,'\0'),(117,'2016-09-05 15:34:03',NULL,94,'\0'),(118,'2016-09-05 15:34:12',NULL,95,'\0'),(119,'2016-09-05 15:34:12',NULL,96,'\0'),(120,'2016-09-05 15:34:12',NULL,97,'\0'),(121,'2016-09-05 15:34:12',NULL,98,'\0');
/*!40000 ALTER TABLE `general_configurations_history` ENABLE KEYS */;
UNLOCK TABLES;

--
-- Table structure for table `mechanisms`
--

DROP TABLE IF EXISTS `mechanisms`;
/*!40101 SET @saved_cs_client     = @@character_set_client */;
/*!40101 SET character_set_client = utf8 */;
CREATE TABLE `mechanisms` (
  `id` int(11) NOT NULL AUTO_INCREMENT,
  PRIMARY KEY (`id`)
) ENGINE=InnoDB AUTO_INCREMENT=716 DEFAULT CHARSET=utf8;
/*!40101 SET character_set_client = @saved_cs_client */;

--
-- Dumping data for table `mechanisms`
--

LOCK TABLES `mechanisms` WRITE;
/*!40000 ALTER TABLE `mechanisms` DISABLE KEYS */;
INSERT INTO `mechanisms` VALUES (615),(616),(617),(618),(619),(620),(621),(622),(623),(624),(625),(626),(627),(628),(629),(630),(631),(632),(633),(634),(635),(636),(637),(638),(639),(640),(641),(642),(643),(644),(645),(646),(647),(648),(649),(650),(654),(655),(656),(657),(658),(659),(660),(661),(662),(665),(666),(667),(668),(669),(670),(671),(672),(673),(675),(676),(677),(678),(679),(680),(681),(682),(683),(689),(690),(691),(692),(693),(694),(695),(696),(697),(698),(699),(700),(701),(702),(703),(704),(705),(706),(707),(708),(709),(710),(711),(712),(713),(714),(715);
/*!40000 ALTER TABLE `mechanisms` ENABLE KEYS */;
UNLOCK TABLES;

--
-- Table structure for table `mechanisms_history`
--

DROP TABLE IF EXISTS `mechanisms_history`;
/*!40101 SET @saved_cs_client     = @@character_set_client */;
/*!40101 SET character_set_client = utf8 */;
CREATE TABLE `mechanisms_history` (
  `id` int(11) NOT NULL AUTO_INCREMENT,
  `name` varchar(255) NOT NULL,
  `created_at` timestamp NOT NULL DEFAULT CURRENT_TIMESTAMP,
  `mechanisms_id` int(11) NOT NULL,
  `current_version` bit(1) NOT NULL DEFAULT b'1',
  PRIMARY KEY (`id`),
  KEY `fk_mechanisms_history_1_idx` (`mechanisms_id`),
  CONSTRAINT `fk_mechanisms_history_1` FOREIGN KEY (`mechanisms_id`) REFERENCES `mechanisms` (`id`) ON DELETE NO ACTION ON UPDATE NO ACTION
) ENGINE=InnoDB AUTO_INCREMENT=1730 DEFAULT CHARSET=utf8;
/*!40101 SET character_set_client = @saved_cs_client */;

--
-- Dumping data for table `mechanisms_history`
--

LOCK TABLES `mechanisms_history` WRITE;
/*!40000 ALTER TABLE `mechanisms_history` DISABLE KEYS */;
INSERT INTO `mechanisms_history` VALUES (1625,'TEXT_TYPE','2016-09-01 14:45:10',624,''),(1626,'AUDIO_TYPE','2016-09-01 14:45:10',625,''),(1627,'SCREENSHOT_TYPE','2016-09-01 14:45:10',626,''),(1628,'RATING_TYPE','2016-09-01 14:45:10',627,''),(1629,'TEXT_TYPE','2016-09-01 14:45:10',628,''),(1630,'RATING_TYPE','2016-09-01 14:45:10',629,''),(1631,'SCREENSHOT_TYPE','2016-09-01 14:45:10',630,''),(1632,'RATING_TYPE','2016-09-01 14:45:10',631,''),(1633,'CATEGORY_TYPE','2016-09-01 14:45:10',632,''),(1634,'TEXT_TYPE','2016-09-01 14:50:04',624,''),(1635,'AUDIO_TYPE','2016-09-01 14:50:04',625,''),(1636,'SCREENSHOT_TYPE','2016-09-01 14:50:04',626,''),(1637,'RATING_TYPE','2016-09-01 14:50:04',627,''),(1638,'TEXT_TYPE','2016-09-01 14:50:04',628,''),(1639,'RATING_TYPE','2016-09-01 14:50:04',629,''),(1640,'SCREENSHOT_TYPE','2016-09-01 14:50:04',630,''),(1641,'RATING_TYPE','2016-09-01 14:50:04',631,''),(1642,'CATEGORY_TYPE','2016-09-01 14:50:04',632,''),(1643,'TEXT_TYPE','2016-09-05 14:34:30',633,''),(1644,'AUDIO_TYPE','2016-09-05 14:34:30',634,''),(1645,'SCREENSHOT_TYPE','2016-09-05 14:34:30',635,''),(1646,'RATING_TYPE','2016-09-05 14:34:30',636,''),(1647,'TEXT_TYPE','2016-09-05 14:34:30',637,''),(1648,'RATING_TYPE','2016-09-05 14:34:30',638,''),(1649,'SCREENSHOT_TYPE','2016-09-05 14:34:30',639,''),(1650,'RATING_TYPE','2016-09-05 14:34:30',640,''),(1651,'CATEGORY_TYPE','2016-09-05 14:34:31',641,''),(1652,'TEXT_TYPE','2016-09-05 14:46:25',642,''),(1653,'AUDIO_TYPE','2016-09-05 14:46:25',643,''),(1654,'SCREENSHOT_TYPE','2016-09-05 14:46:25',644,''),(1655,'RATING_TYPE','2016-09-05 14:46:25',645,''),(1656,'TEXT_TYPE','2016-09-05 14:46:25',646,''),(1657,'RATING_TYPE','2016-09-05 14:46:25',647,''),(1658,'SCREENSHOT_TYPE','2016-09-05 14:46:25',648,''),(1659,'RATING_TYPE','2016-09-05 14:46:25',649,''),(1660,'CATEGORY_TYPE','2016-09-05 14:46:25',650,''),(1664,'TEXT_TYPE','2016-09-05 15:07:14',654,''),(1665,'AUDIO_TYPE','2016-09-05 15:07:14',655,''),(1666,'SCREENSHOT_TYPE','2016-09-05 15:07:14',656,''),(1667,'RATING_TYPE','2016-09-05 15:07:14',657,''),(1668,'TEXT_TYPE','2016-09-05 15:07:14',658,''),(1669,'RATING_TYPE','2016-09-05 15:07:14',659,''),(1670,'SCREENSHOT_TYPE','2016-09-05 15:07:14',660,''),(1671,'RATING_TYPE','2016-09-05 15:07:14',661,''),(1672,'CATEGORY_TYPE','2016-09-05 15:07:14',662,''),(1675,'TEXT_TYPE','2016-09-05 15:15:31',665,''),(1676,'AUDIO_TYPE','2016-09-05 15:15:31',666,''),(1677,'SCREENSHOT_TYPE','2016-09-05 15:15:31',667,''),(1678,'RATING_TYPE','2016-09-05 15:15:31',668,''),(1679,'TEXT_TYPE','2016-09-05 15:15:31',669,''),(1680,'RATING_TYPE','2016-09-05 15:15:31',670,''),(1681,'SCREENSHOT_TYPE','2016-09-05 15:15:31',671,''),(1682,'RATING_TYPE','2016-09-05 15:15:31',672,''),(1683,'CATEGORY_TYPE','2016-09-05 15:15:31',673,''),(1685,'TEXT_TYPE','2016-09-05 15:17:24',675,''),(1686,'AUDIO_TYPE','2016-09-05 15:17:24',676,''),(1687,'SCREENSHOT_TYPE','2016-09-05 15:17:24',677,''),(1688,'RATING_TYPE','2016-09-05 15:17:24',678,''),(1689,'TEXT_TYPE','2016-09-05 15:17:24',679,''),(1690,'RATING_TYPE','2016-09-05 15:17:24',680,''),(1691,'SCREENSHOT_TYPE','2016-09-05 15:17:24',681,''),(1692,'RATING_TYPE','2016-09-05 15:17:24',682,''),(1693,'CATEGORY_TYPE','2016-09-05 15:17:24',683,''),(1699,'TEXT_TYPE','2016-09-05 15:33:08',689,''),(1700,'AUDIO_TYPE','2016-09-05 15:33:49',690,''),(1701,'SCREENSHOT_TYPE','2016-09-05 15:33:49',691,''),(1702,'RATING_TYPE','2016-09-05 15:33:49',692,''),(1703,'TEXT_TYPE','2016-09-05 15:33:49',693,''),(1704,'RATING_TYPE','2016-09-05 15:33:49',694,''),(1705,'SCREENSHOT_TYPE','2016-09-05 15:33:49',695,''),(1706,'RATING_TYPE','2016-09-05 15:33:49',696,''),(1707,'CATEGORY_TYPE','2016-09-05 15:33:49',697,''),(1708,'TEXT_TYPE','2016-09-05 15:34:02',698,''),(1709,'AUDIO_TYPE','2016-09-05 15:34:02',699,''),(1710,'SCREENSHOT_TYPE','2016-09-05 15:34:02',700,''),(1711,'RATING_TYPE','2016-09-05 15:34:02',701,''),(1712,'TEXT_TYPE','2016-09-05 15:34:02',702,''),(1713,'RATING_TYPE','2016-09-05 15:34:03',703,''),(1714,'SCREENSHOT_TYPE','2016-09-05 15:34:03',704,''),(1715,'RATING_TYPE','2016-09-05 15:34:03',705,''),(1716,'CATEGORY_TYPE','2016-09-05 15:34:03',706,''),(1717,'TEXT_TYPE','2016-09-05 15:34:12',707,''),(1718,'AUDIO_TYPE','2016-09-05 15:34:12',708,''),(1719,'SCREENSHOT_TYPE','2016-09-05 15:34:12',709,''),(1720,'RATING_TYPE','2016-09-05 15:34:12',710,''),(1721,'TEXT_TYPE','2016-09-05 15:34:12',711,''),(1722,'RATING_TYPE','2016-09-05 15:34:12',712,''),(1723,'SCREENSHOT_TYPE','2016-09-05 15:34:12',713,''),(1724,'RATING_TYPE','2016-09-05 15:34:12',714,''),(1725,'CATEGORY_TYPE','2016-09-05 15:34:12',715,''),(1726,'AUDIO_TYPE','2016-09-15 15:42:21',625,''),(1727,'AUDIO_TYPE','2016-09-15 15:42:41',625,''),(1728,'AUDIO_TYPE','2016-09-15 15:43:08',625,''),(1729,'AUDIO_TYPE','2016-09-15 15:45:35',625,'');
/*!40000 ALTER TABLE `mechanisms_history` ENABLE KEYS */;
UNLOCK TABLES;

--
-- Table structure for table `parameter_options`
--

DROP TABLE IF EXISTS `parameter_options`;
/*!40101 SET @saved_cs_client     = @@character_set_client */;
/*!40101 SET character_set_client = utf8 */;
CREATE TABLE `parameter_options` (
  `id` int(11) NOT NULL,
  `key` varchar(255) NOT NULL,
  `entity` enum('TEXT_MECHANISM','RATING_MECHANISM','SCREENSHOT_MECHANISM','CATEGORY_MECHANISM','AUDIO_MECHANISM','PULL_CONFIGURATION','PUSH_CONFIGURATION','APPLICATION_CONFIGURATION') NOT NULL,
  PRIMARY KEY (`id`)
) ENGINE=InnoDB DEFAULT CHARSET=utf8;
/*!40101 SET character_set_client = @saved_cs_client */;

--
-- Dumping data for table `parameter_options`
--

LOCK TABLES `parameter_options` WRITE;
/*!40000 ALTER TABLE `parameter_options` DISABLE KEYS */;
/*!40000 ALTER TABLE `parameter_options` ENABLE KEYS */;
UNLOCK TABLES;

--
-- Table structure for table `parameters`
--

DROP TABLE IF EXISTS `parameters`;
/*!40101 SET @saved_cs_client     = @@character_set_client */;
/*!40101 SET character_set_client = utf8 */;
CREATE TABLE `parameters` (
  `id` int(11) NOT NULL AUTO_INCREMENT,
  PRIMARY KEY (`id`)
) ENGINE=InnoDB AUTO_INCREMENT=5737 DEFAULT CHARSET=utf8;
/*!40101 SET character_set_client = @saved_cs_client */;

--
-- Dumping data for table `parameters`
--

LOCK TABLES `parameters` WRITE;
/*!40000 ALTER TABLE `parameters` DISABLE KEYS */;
INSERT INTO `parameters` VALUES (5062),(5063),(5064),(5065),(5066),(5067),(5068),(5069),(5070),(5071),(5072),(5073),(5074),(5075),(5076),(5077),(5078),(5079),(5080),(5081),(5082),(5083),(5084),(5085),(5086),(5087),(5088),(5089),(5090),(5091),(5092),(5093),(5094),(5095),(5096),(5097),(5098),(5099),(5100),(5101),(5102),(5103),(5104),(5105),(5106),(5107),(5108),(5109),(5110),(5111),(5112),(5113),(5114),(5115),(5116),(5117),(5118),(5119),(5120),(5121),(5122),(5123),(5124),(5125),(5126),(5127),(5128),(5129),(5130),(5131),(5132),(5133),(5134),(5135),(5136),(5137),(5138),(5139),(5140),(5141),(5142),(5143),(5144),(5145),(5146),(5147),(5148),(5149),(5150),(5151),(5152),(5153),(5154),(5155),(5156),(5157),(5158),(5159),(5160),(5161),(5162),(5163),(5164),(5165),(5166),(5167),(5168),(5169),(5170),(5171),(5172),(5173),(5174),(5175),(5176),(5177),(5178),(5179),(5180),(5181),(5182),(5183),(5184),(5185),(5186),(5187),(5188),(5189),(5190),(5191),(5192),(5193),(5194),(5195),(5196),(5197),(5198),(5199),(5200),(5201),(5202),(5203),(5204),(5205),(5206),(5207),(5208),(5209),(5210),(5211),(5212),(5213),(5214),(5215),(5216),(5217),(5218),(5219),(5220),(5221),(5222),(5223),(5224),(5225),(5226),(5227),(5228),(5229),(5230),(5231),(5232),(5233),(5234),(5235),(5236),(5237),(5238),(5239),(5240),(5241),(5242),(5243),(5244),(5245),(5246),(5247),(5248),(5249),(5250),(5251),(5252),(5253),(5254),(5255),(5256),(5257),(5258),(5259),(5260),(5261),(5262),(5263),(5264),(5265),(5266),(5267),(5268),(5269),(5270),(5271),(5272),(5273),(5274),(5275),(5276),(5277),(5278),(5279),(5280),(5281),(5282),(5283),(5284),(5285),(5286),(5287),(5288),(5289),(5290),(5291),(5292),(5293),(5294),(5295),(5296),(5297),(5298),(5299),(5300),(5301),(5302),(5303),(5304),(5305),(5306),(5307),(5308),(5309),(5310),(5311),(5312),(5313),(5314),(5315),(5316),(5317),(5318),(5319),(5320),(5321),(5322),(5323),(5324),(5325),(5326),(5327),(5328),(5329),(5330),(5331),(5332),(5333),(5334),(5335),(5336),(5337),(5338),(5339),(5340),(5341),(5342),(5343),(5344),(5345),(5346),(5347),(5348),(5349),(5350),(5351),(5352),(5353),(5354),(5355),(5356),(5357),(5358),(5359),(5360),(5361),(5362),(5363),(5364),(5365),(5366),(5367),(5368),(5369),(5370),(5371),(5372),(5373),(5374),(5375),(5376),(5377),(5378),(5379),(5380),(5381),(5382),(5383),(5384),(5385),(5386),(5387),(5388),(5389),(5390),(5391),(5392),(5393),(5394),(5395),(5396),(5397),(5398),(5399),(5400),(5401),(5402),(5403),(5404),(5405),(5406),(5407),(5408),(5409),(5410),(5411),(5412),(5413),(5414),(5415),(5416),(5417),(5418),(5419),(5420),(5421),(5422),(5423),(5424),(5425),(5426),(5427),(5428),(5429),(5430),(5431),(5432),(5433),(5434),(5435),(5436),(5437),(5438),(5439),(5440),(5441),(5442),(5443),(5444),(5445),(5446),(5447),(5448),(5449),(5450),(5451),(5452),(5453),(5454),(5455),(5456),(5457),(5458),(5459),(5460),(5461),(5462),(5463),(5464),(5465),(5466),(5467),(5468),(5469),(5470),(5471),(5472),(5473),(5474),(5475),(5476),(5477),(5478),(5479),(5480),(5481),(5482),(5483),(5484),(5485),(5486),(5487),(5488),(5489),(5490),(5491),(5492),(5493),(5494),(5495),(5496),(5497),(5498),(5499),(5500),(5501),(5502),(5503),(5504),(5505),(5506),(5507),(5508),(5509),(5510),(5511),(5512),(5513),(5514),(5515),(5516),(5517),(5518),(5519),(5520),(5521),(5522),(5523),(5524),(5525),(5526),(5527),(5528),(5529),(5530),(5531),(5532),(5533),(5534),(5535),(5536),(5537),(5538),(5539),(5540),(5541),(5542),(5543),(5544),(5545),(5546),(5547),(5548),(5549),(5550),(5551),(5552),(5553),(5554),(5555),(5556),(5557),(5558),(5559),(5560),(5561),(5562),(5563),(5564),(5565),(5566),(5567),(5568),(5569),(5570),(5571),(5572),(5573),(5574),(5575),(5576),(5577),(5578),(5579),(5580),(5581),(5582),(5583),(5584),(5585),(5586),(5587),(5588),(5589),(5590),(5591),(5592),(5593),(5594),(5595),(5596),(5597),(5598),(5599),(5600),(5601),(5602),(5603),(5604),(5605),(5606),(5607),(5608),(5609),(5610),(5611),(5612),(5613),(5614),(5615),(5616),(5617),(5618),(5619),(5620),(5621),(5622),(5623),(5624),(5625),(5626),(5627),(5628),(5629),(5630),(5631),(5632),(5633),(5634),(5635),(5636),(5637),(5638),(5639),(5640),(5641),(5642),(5643),(5644),(5645),(5646),(5647),(5648),(5649),(5650),(5651),(5652),(5653),(5654),(5655),(5656),(5657),(5658),(5659),(5660),(5661),(5662),(5663),(5664),(5665),(5666),(5667),(5668),(5669),(5670),(5671),(5672),(5673),(5674),(5675),(5676),(5677),(5678),(5679),(5680),(5681),(5682),(5683),(5684),(5685),(5686),(5687),(5688),(5689),(5690),(5691),(5692),(5693),(5694),(5695),(5696),(5697),(5698),(5699),(5700),(5701),(5702),(5703),(5704),(5705),(5706),(5707),(5708),(5709),(5710),(5711),(5712),(5713),(5714),(5715),(5716),(5717),(5718),(5719),(5720),(5721),(5722),(5723),(5724),(5725),(5726),(5727),(5728),(5729),(5730),(5731),(5732),(5733),(5734),(5735),(5736);
/*!40000 ALTER TABLE `parameters` ENABLE KEYS */;
UNLOCK TABLES;

--
-- Table structure for table `parameters_history`
--

DROP TABLE IF EXISTS `parameters_history`;
/*!40101 SET @saved_cs_client     = @@character_set_client */;
/*!40101 SET character_set_client = utf8 */;
CREATE TABLE `parameters_history` (
  `id` int(11) NOT NULL AUTO_INCREMENT,
  `mechanisms_id` int(11) DEFAULT NULL,
  `key` varchar(255) NOT NULL,
  `value` varchar(255) DEFAULT NULL,
  `default_value` varchar(255) DEFAULT NULL,
  `editable_by_user` bit(1) DEFAULT NULL,
  `parent_parameters_id` int(11) DEFAULT NULL,
  `language` varchar(3) NOT NULL DEFAULT 'en',
  `general_configurations_id` int(11) DEFAULT NULL,
  `created_at` timestamp NOT NULL DEFAULT CURRENT_TIMESTAMP,
  `parameters_id` int(11) NOT NULL,
  `current_version` bit(1) NOT NULL DEFAULT b'1',
  PRIMARY KEY (`id`),
  KEY `mechanism_constrained_idx` (`mechanisms_id`),
  KEY `fk_parameters_general_configurations1_idx` (`general_configurations_id`),
  KEY `fk_parameters_history_1_idx` (`parameters_id`),
  KEY `fk_parameters_history_2_idx` (`parent_parameters_id`),
  CONSTRAINT `fk_parameters_history_1` FOREIGN KEY (`parameters_id`) REFERENCES `parameters` (`id`) ON DELETE NO ACTION ON UPDATE NO ACTION,
  CONSTRAINT `fk_parameters_history_2` FOREIGN KEY (`parent_parameters_id`) REFERENCES `parameters` (`id`) ON DELETE NO ACTION ON UPDATE NO ACTION,
  CONSTRAINT `fk_parameters_history_3` FOREIGN KEY (`mechanisms_id`) REFERENCES `mechanisms` (`id`) ON DELETE NO ACTION ON UPDATE NO ACTION,
  CONSTRAINT `fk_parameters_history_4` FOREIGN KEY (`general_configurations_id`) REFERENCES `general_configurations` (`id`) ON DELETE NO ACTION ON UPDATE NO ACTION
) ENGINE=InnoDB AUTO_INCREMENT=5980 DEFAULT CHARSET=utf8;
/*!40101 SET character_set_client = @saved_cs_client */;

--
-- Dumping data for table `parameters_history`
--

LOCK TABLES `parameters_history` WRITE;
/*!40000 ALTER TABLE `parameters_history` DISABLE KEYS */;
INSERT INTO `parameters_history` VALUES (5295,NULL,'reviewActive','1.0',NULL,NULL,NULL,'en',63,'2016-09-01 14:45:10',5062,'\0'),(5296,NULL,'mainColor','#00ff00',NULL,NULL,NULL,'en',63,'2016-09-01 14:45:10',5063,'\0'),(5297,NULL,'aKey','aPushSpecificValue',NULL,NULL,NULL,'en',64,'2016-09-01 14:45:10',5064,'\0'),(5298,624,'maxLength','200.0',NULL,NULL,NULL,'en',NULL,'2016-09-01 14:45:10',5065,'\0'),(5299,624,'title','Feedback',NULL,NULL,NULL,'en',NULL,'2016-09-01 14:45:10',5066,'\0'),(5300,624,'hint','Please enter your feedback',NULL,NULL,NULL,'en',NULL,'2016-09-01 14:45:10',5067,'\0'),(5301,624,'label','Please write about your problem',NULL,NULL,NULL,'en',NULL,'2016-09-01 14:45:10',5068,'\0'),(5302,624,'labelPositioning','left',NULL,NULL,NULL,'en',NULL,'2016-09-01 14:45:10',5069,'\0'),(5303,624,'labelColor','#353535',NULL,NULL,NULL,'en',NULL,'2016-09-01 14:45:10',5070,'\0'),(5304,624,'labelFontSize','15.0',NULL,NULL,NULL,'en',NULL,'2016-09-01 14:45:10',5071,'\0'),(5305,624,'textareaFontColor','#7A7A7A',NULL,NULL,NULL,'en',NULL,'2016-09-01 14:45:10',5072,'\0'),(5306,624,'mandatory','1.0',NULL,NULL,NULL,'en',NULL,'2016-09-01 14:45:10',5073,'\0'),(5307,624,'mandatoryReminder','Please fill in the text field',NULL,NULL,NULL,'en',NULL,'2016-09-01 14:45:10',5074,'\0'),(5308,624,'undoEnabled','1.0',NULL,NULL,NULL,'en',NULL,'2016-09-01 14:45:10',5075,'\0'),(5309,624,'undoSteps','1.0',NULL,NULL,NULL,'en',NULL,'2016-09-01 14:45:10',5076,'\0'),(5310,624,'clearInput','0.0',NULL,NULL,NULL,'en',NULL,'2016-09-01 14:45:10',5077,'\0'),(5311,624,'borderWidth','2.0',NULL,NULL,NULL,'en',NULL,'2016-09-01 14:45:10',5078,'\0'),(5312,624,'borderColor','#000000',NULL,NULL,NULL,'en',NULL,'2016-09-01 14:45:10',5079,'\0'),(5313,624,'fieldWidth','200.0',NULL,NULL,NULL,'en',NULL,'2016-09-01 14:45:10',5080,'\0'),(5314,624,'fieldHeight','50.0',NULL,NULL,NULL,'en',NULL,'2016-09-01 14:45:10',5081,'\0'),(5315,624,'fieldFontSize','13.0',NULL,NULL,NULL,'en',NULL,'2016-09-01 14:45:10',5082,'\0'),(5316,624,'fieldFontType','italic',NULL,NULL,NULL,'en',NULL,'2016-09-01 14:45:10',5083,'\0'),(5317,624,'fieldTextAlignment','left',NULL,NULL,NULL,'en',NULL,'2016-09-01 14:45:10',5084,'\0'),(5318,624,'fieldBackgroundColor','#ffffff',NULL,NULL,NULL,'en',NULL,'2016-09-01 14:45:10',5085,'\0'),(5319,624,'maxLengthVisible','1.0',NULL,NULL,NULL,'en',NULL,'2016-09-01 14:45:10',5086,'\0'),(5320,624,'validationRegex','.',NULL,NULL,NULL,'en',NULL,'2016-09-01 14:45:10',5087,'\0'),(5321,624,'validateOnSkip','1.0',NULL,NULL,NULL,'en',NULL,'2016-09-01 14:45:10',5088,'\0'),(5322,625,'maxTime','30.0','30.0','\0',NULL,'en',NULL,'2016-09-01 14:45:10',5089,'\0'),(5323,626,'title','Title for screenshot feedback',NULL,NULL,NULL,'en',NULL,'2016-09-01 14:45:10',5090,'\0'),(5324,626,'defaultPicture','lastScreenshot','noImage','',NULL,'en',NULL,'2016-09-01 14:45:10',5091,'\0'),(5325,627,'title','Rate your user experience on this page',NULL,NULL,NULL,'en',NULL,'2016-09-01 14:45:10',5092,'\0'),(5326,627,'ratingIcon','star',NULL,NULL,NULL,'en',NULL,'2016-09-01 14:45:10',5093,'\0'),(5327,627,'maxRating','5.0',NULL,NULL,NULL,'en',NULL,'2016-09-01 14:45:10',5094,'\0'),(5328,627,'defaultRating','3.0','0.0','\0',NULL,'en',NULL,'2016-09-01 14:45:10',5095,'\0'),(5329,NULL,'likelihood','0.4',NULL,NULL,NULL,'en',65,'2016-09-01 14:45:10',5096,'\0'),(5330,NULL,'askOnAppStartup','0.0',NULL,NULL,NULL,'en',65,'2016-09-01 14:45:10',5097,'\0'),(5331,628,'maxLength','50.0',NULL,NULL,NULL,'en',NULL,'2016-09-01 14:45:10',5098,'\0'),(5332,628,'title','Feedback Pull',NULL,NULL,NULL,'en',NULL,'2016-09-01 14:45:10',5099,'\0'),(5333,628,'hint','Please enter your feedback',NULL,NULL,NULL,'en',NULL,'2016-09-01 14:45:10',5100,'\0'),(5334,628,'label','Feedback',NULL,NULL,NULL,'en',NULL,'2016-09-01 14:45:10',5101,'\0'),(5335,628,'labelPositioning','left',NULL,NULL,NULL,'en',NULL,'2016-09-01 14:45:10',5102,'\0'),(5336,628,'labelFontSize','12.0',NULL,NULL,NULL,'en',NULL,'2016-09-01 14:45:10',5103,'\0'),(5337,628,'mandatory','1.0',NULL,NULL,NULL,'en',NULL,'2016-09-01 14:45:10',5104,'\0'),(5338,628,'mandatoryReminder','Please fill in the text field',NULL,NULL,NULL,'en',NULL,'2016-09-01 14:45:10',5105,'\0'),(5339,628,'undoEnabled','1.0',NULL,NULL,NULL,'en',NULL,'2016-09-01 14:45:10',5106,'\0'),(5340,628,'undoSteps','1.0',NULL,NULL,NULL,'en',NULL,'2016-09-01 14:45:10',5107,'\0'),(5341,628,'clearInput','0.0',NULL,NULL,NULL,'en',NULL,'2016-09-01 14:45:10',5108,'\0'),(5342,628,'borderWidth','2.0',NULL,NULL,NULL,'en',NULL,'2016-09-01 14:45:10',5109,'\0'),(5343,628,'borderColor','#000000',NULL,NULL,NULL,'en',NULL,'2016-09-01 14:45:10',5110,'\0'),(5344,628,'fieldWidth','200.0',NULL,NULL,NULL,'en',NULL,'2016-09-01 14:45:10',5111,'\0'),(5345,628,'fieldHeight','50.0',NULL,NULL,NULL,'en',NULL,'2016-09-01 14:45:10',5112,'\0'),(5346,628,'fieldBackgroundColor','#ffffff',NULL,NULL,NULL,'en',NULL,'2016-09-01 14:45:10',5113,'\0'),(5347,628,'maxLengthVisible','1.0',NULL,NULL,NULL,'en',NULL,'2016-09-01 14:45:10',5114,'\0'),(5348,628,'validationRegex','.',NULL,NULL,NULL,'en',NULL,'2016-09-01 14:45:10',5115,'\0'),(5349,628,'validateOnSkip','1.0',NULL,NULL,NULL,'en',NULL,'2016-09-01 14:45:10',5116,'\0'),(5350,629,'title','Rate your user experience',NULL,NULL,NULL,'en',NULL,'2016-09-01 14:45:10',5117,'\0'),(5351,629,'ratingIcon','star',NULL,NULL,NULL,'en',NULL,'2016-09-01 14:45:10',5118,'\0'),(5352,629,'maxRating','5.0',NULL,NULL,NULL,'en',NULL,'2016-09-01 14:45:10',5119,'\0'),(5353,629,'defaultRating','2.0','0.0','\0',NULL,'en',NULL,'2016-09-01 14:45:10',5120,'\0'),(5354,630,'title','Title for screenshot feedback',NULL,NULL,NULL,'en',NULL,'2016-09-01 14:45:10',5121,'\0'),(5355,630,'defaultPicture','lastScreenshot','noImage','',NULL,'en',NULL,'2016-09-01 14:45:10',5122,'\0'),(5356,NULL,'reviewActive','0.0',NULL,NULL,NULL,'en',66,'2016-09-01 14:45:10',5123,'\0'),(5357,NULL,'likelihood','0.2',NULL,NULL,NULL,'en',66,'2016-09-01 14:45:10',5124,'\0'),(5358,NULL,'askOnAppStartup','0.0',NULL,NULL,NULL,'en',66,'2016-09-01 14:45:10',5125,'\0'),(5359,631,'title','Rate your user experience',NULL,NULL,NULL,'en',NULL,'2016-09-01 14:45:10',5126,'\0'),(5360,631,'ratingIcon','star',NULL,NULL,NULL,'en',NULL,'2016-09-01 14:45:10',5127,'\0'),(5361,631,'maxRating','5.0',NULL,NULL,NULL,'en',NULL,'2016-09-01 14:45:10',5128,'\0'),(5362,631,'defaultRating','2.0','0.0','\0',NULL,'en',NULL,'2016-09-01 14:45:10',5129,'\0'),(5363,632,'title','Please choose from the following categories',NULL,NULL,NULL,'en',NULL,'2016-09-01 14:45:10',5130,'\0'),(5364,632,'ownAllowed','1.0',NULL,NULL,NULL,'en',NULL,'2016-09-01 14:45:10',5131,'\0'),(5365,632,'multiple','1.0',NULL,NULL,NULL,'en',NULL,'2016-09-01 14:45:10',5132,'\0'),(5366,632,'options',NULL,NULL,NULL,NULL,'en',NULL,'2016-09-01 14:45:10',5133,'\0'),(5367,632,'BUG_CATEGORY','Bug',NULL,NULL,5133,'en',NULL,'2016-09-01 14:45:10',5134,'\0'),(5368,632,'FEATURE_REQUEST_CATEGORY','Feature Request',NULL,NULL,5133,'en',NULL,'2016-09-01 14:45:10',5135,'\0'),(5369,632,'GENERAL_CATEGORY','General Feedback',NULL,NULL,5133,'en',NULL,'2016-09-01 14:45:10',5136,'\0'),(5370,NULL,'reviewActive','0.0',NULL,NULL,NULL,'en',63,'2016-09-01 14:50:04',5062,'\0'),(5371,NULL,'mainColor','green',NULL,NULL,NULL,'en',63,'2016-09-01 14:50:04',5063,'\0'),(5372,624,'fieldFontSize','15.0',NULL,NULL,NULL,'en',NULL,'2016-09-01 14:57:56',5082,'\0'),(5373,NULL,'reviewActive','1.0',NULL,NULL,NULL,'en',66,'2016-09-01 15:15:31',5123,'\0'),(5374,NULL,'likelihood','0.5',NULL,NULL,NULL,'en',66,'2016-09-01 15:15:31',5124,'\0'),(5375,NULL,'askOnAppStartup','1.0',NULL,NULL,NULL,'en',66,'2016-09-01 15:15:31',5125,'\0'),(5376,NULL,'reviewActive','1.0',NULL,NULL,NULL,'en',67,'2016-09-05 14:34:30',5137,'\0'),(5377,NULL,'mainColor','#00ff00',NULL,NULL,NULL,'en',67,'2016-09-05 14:34:30',5138,'\0'),(5378,NULL,'aKey','aPushSpecificValue',NULL,NULL,NULL,'en',68,'2016-09-05 14:34:30',5139,'\0'),(5379,633,'maxLength','200.0',NULL,NULL,NULL,'en',NULL,'2016-09-05 14:34:30',5140,'\0'),(5380,633,'title','Feedback',NULL,NULL,NULL,'en',NULL,'2016-09-05 14:34:30',5141,'\0'),(5381,633,'hint','Please enter your feedback',NULL,NULL,NULL,'en',NULL,'2016-09-05 14:34:30',5142,'\0'),(5382,633,'label','Please write about your problem',NULL,NULL,NULL,'en',NULL,'2016-09-05 14:34:30',5143,'\0'),(5383,633,'labelPositioning','left',NULL,NULL,NULL,'en',NULL,'2016-09-05 14:34:30',5144,'\0'),(5384,633,'labelColor','#353535',NULL,NULL,NULL,'en',NULL,'2016-09-05 14:34:30',5145,'\0'),(5385,633,'labelFontSize','15.0',NULL,NULL,NULL,'en',NULL,'2016-09-05 14:34:30',5146,'\0'),(5386,633,'textareaFontColor','#7A7A7A',NULL,NULL,NULL,'en',NULL,'2016-09-05 14:34:30',5147,'\0'),(5387,633,'mandatory','1.0',NULL,NULL,NULL,'en',NULL,'2016-09-05 14:34:30',5148,'\0'),(5388,633,'mandatoryReminder','Please fill in the text field',NULL,NULL,NULL,'en',NULL,'2016-09-05 14:34:30',5149,'\0'),(5389,633,'undoEnabled','1.0',NULL,NULL,NULL,'en',NULL,'2016-09-05 14:34:30',5150,'\0'),(5390,633,'undoSteps','1.0',NULL,NULL,NULL,'en',NULL,'2016-09-05 14:34:30',5151,'\0'),(5391,633,'clearInput','0.0',NULL,NULL,NULL,'en',NULL,'2016-09-05 14:34:30',5152,'\0'),(5392,633,'borderWidth','2.0',NULL,NULL,NULL,'en',NULL,'2016-09-05 14:34:30',5153,'\0'),(5393,633,'borderColor','#000000',NULL,NULL,NULL,'en',NULL,'2016-09-05 14:34:30',5154,'\0'),(5394,633,'fieldWidth','200.0',NULL,NULL,NULL,'en',NULL,'2016-09-05 14:34:30',5155,'\0'),(5395,633,'fieldHeight','50.0',NULL,NULL,NULL,'en',NULL,'2016-09-05 14:34:30',5156,'\0'),(5396,633,'fieldFontSize','13.0',NULL,NULL,NULL,'en',NULL,'2016-09-05 14:34:30',5157,'\0'),(5397,633,'fieldFontType','italic',NULL,NULL,NULL,'en',NULL,'2016-09-05 14:34:30',5158,'\0'),(5398,633,'fieldTextAlignment','left',NULL,NULL,NULL,'en',NULL,'2016-09-05 14:34:30',5159,'\0'),(5399,633,'fieldBackgroundColor','#ffffff',NULL,NULL,NULL,'en',NULL,'2016-09-05 14:34:30',5160,'\0'),(5400,633,'maxLengthVisible','1.0',NULL,NULL,NULL,'en',NULL,'2016-09-05 14:34:30',5161,'\0'),(5401,633,'validationRegex','.',NULL,NULL,NULL,'en',NULL,'2016-09-05 14:34:30',5162,'\0'),(5402,633,'validateOnSkip','1.0',NULL,NULL,NULL,'en',NULL,'2016-09-05 14:34:30',5163,'\0'),(5403,634,'maxTime','30.0','30.0','\0',NULL,'en',NULL,'2016-09-05 14:34:30',5164,'\0'),(5404,635,'title','Title for screenshot feedback',NULL,NULL,NULL,'en',NULL,'2016-09-05 14:34:30',5165,'\0'),(5405,635,'defaultPicture','lastScreenshot','noImage','',NULL,'en',NULL,'2016-09-05 14:34:30',5166,'\0'),(5406,636,'title','Rate your user experience on this page',NULL,NULL,NULL,'en',NULL,'2016-09-05 14:34:30',5167,'\0'),(5407,636,'ratingIcon','star',NULL,NULL,NULL,'en',NULL,'2016-09-05 14:34:30',5168,'\0'),(5408,636,'maxRating','5.0',NULL,NULL,NULL,'en',NULL,'2016-09-05 14:34:30',5169,'\0'),(5409,636,'defaultRating','3.0','0.0','\0',NULL,'en',NULL,'2016-09-05 14:34:30',5170,'\0'),(5410,NULL,'likelihood','0.4',NULL,NULL,NULL,'en',69,'2016-09-05 14:34:30',5171,'\0'),(5411,NULL,'askOnAppStartup','0.0',NULL,NULL,NULL,'en',69,'2016-09-05 14:34:30',5172,'\0'),(5412,637,'maxLength','50.0',NULL,NULL,NULL,'en',NULL,'2016-09-05 14:34:30',5173,'\0'),(5413,637,'title','Feedback Pull',NULL,NULL,NULL,'en',NULL,'2016-09-05 14:34:30',5174,'\0'),(5414,637,'hint','Please enter your feedback',NULL,NULL,NULL,'en',NULL,'2016-09-05 14:34:30',5175,'\0'),(5415,637,'label','Feedback',NULL,NULL,NULL,'en',NULL,'2016-09-05 14:34:30',5176,'\0'),(5416,637,'labelPositioning','left',NULL,NULL,NULL,'en',NULL,'2016-09-05 14:34:30',5177,'\0'),(5417,637,'labelFontSize','12.0',NULL,NULL,NULL,'en',NULL,'2016-09-05 14:34:30',5178,'\0'),(5418,637,'mandatory','1.0',NULL,NULL,NULL,'en',NULL,'2016-09-05 14:34:30',5179,'\0'),(5419,637,'mandatoryReminder','Please fill in the text field',NULL,NULL,NULL,'en',NULL,'2016-09-05 14:34:30',5180,'\0'),(5420,637,'undoEnabled','1.0',NULL,NULL,NULL,'en',NULL,'2016-09-05 14:34:30',5181,'\0'),(5421,637,'undoSteps','1.0',NULL,NULL,NULL,'en',NULL,'2016-09-05 14:34:30',5182,'\0'),(5422,637,'clearInput','0.0',NULL,NULL,NULL,'en',NULL,'2016-09-05 14:34:30',5183,'\0'),(5423,637,'borderWidth','2.0',NULL,NULL,NULL,'en',NULL,'2016-09-05 14:34:30',5184,'\0'),(5424,637,'borderColor','#000000',NULL,NULL,NULL,'en',NULL,'2016-09-05 14:34:30',5185,'\0'),(5425,637,'fieldWidth','200.0',NULL,NULL,NULL,'en',NULL,'2016-09-05 14:34:30',5186,'\0'),(5426,637,'fieldHeight','50.0',NULL,NULL,NULL,'en',NULL,'2016-09-05 14:34:30',5187,'\0'),(5427,637,'fieldBackgroundColor','#ffffff',NULL,NULL,NULL,'en',NULL,'2016-09-05 14:34:30',5188,'\0'),(5428,637,'maxLengthVisible','1.0',NULL,NULL,NULL,'en',NULL,'2016-09-05 14:34:30',5189,'\0'),(5429,637,'validationRegex','.',NULL,NULL,NULL,'en',NULL,'2016-09-05 14:34:30',5190,'\0'),(5430,637,'validateOnSkip','1.0',NULL,NULL,NULL,'en',NULL,'2016-09-05 14:34:30',5191,'\0'),(5431,638,'title','Rate your user experience',NULL,NULL,NULL,'en',NULL,'2016-09-05 14:34:30',5192,'\0'),(5432,638,'ratingIcon','star',NULL,NULL,NULL,'en',NULL,'2016-09-05 14:34:30',5193,'\0'),(5433,638,'maxRating','5.0',NULL,NULL,NULL,'en',NULL,'2016-09-05 14:34:30',5194,'\0'),(5434,638,'defaultRating','2.0','0.0','\0',NULL,'en',NULL,'2016-09-05 14:34:30',5195,'\0'),(5435,639,'title','Title for screenshot feedback',NULL,NULL,NULL,'en',NULL,'2016-09-05 14:34:30',5196,'\0'),(5436,639,'defaultPicture','lastScreenshot','noImage','',NULL,'en',NULL,'2016-09-05 14:34:30',5197,'\0'),(5437,NULL,'reviewActive','0.0',NULL,NULL,NULL,'en',70,'2016-09-05 14:34:30',5198,'\0'),(5438,NULL,'likelihood','0.2',NULL,NULL,NULL,'en',70,'2016-09-05 14:34:30',5199,'\0'),(5439,NULL,'askOnAppStartup','0.0',NULL,NULL,NULL,'en',70,'2016-09-05 14:34:30',5200,'\0'),(5440,640,'title','Rate your user experience',NULL,NULL,NULL,'en',NULL,'2016-09-05 14:34:30',5201,'\0'),(5441,640,'ratingIcon','star',NULL,NULL,NULL,'en',NULL,'2016-09-05 14:34:30',5202,'\0'),(5442,640,'maxRating','5.0',NULL,NULL,NULL,'en',NULL,'2016-09-05 14:34:31',5203,'\0'),(5443,640,'defaultRating','2.0','0.0','\0',NULL,'en',NULL,'2016-09-05 14:34:31',5204,'\0'),(5444,641,'title','Please choose from the following categories',NULL,NULL,NULL,'en',NULL,'2016-09-05 14:34:31',5205,'\0'),(5445,641,'ownAllowed','1.0',NULL,NULL,NULL,'en',NULL,'2016-09-05 14:34:31',5206,'\0'),(5446,641,'multiple','1.0',NULL,NULL,NULL,'en',NULL,'2016-09-05 14:34:31',5207,'\0'),(5447,641,'options',NULL,NULL,NULL,NULL,'en',NULL,'2016-09-05 14:34:31',5208,'\0'),(5448,641,'BUG_CATEGORY','Bug',NULL,NULL,5208,'en',NULL,'2016-09-05 14:34:31',5209,'\0'),(5449,641,'FEATURE_REQUEST_CATEGORY','Feature Request',NULL,NULL,5208,'en',NULL,'2016-09-05 14:34:31',5210,'\0'),(5450,641,'GENERAL_CATEGORY','General Feedback',NULL,NULL,5208,'en',NULL,'2016-09-05 14:34:31',5211,'\0'),(5451,NULL,'reviewActive','1.0',NULL,NULL,NULL,'en',71,'2016-09-05 14:46:25',5212,'\0'),(5452,NULL,'mainColor','#00ff00',NULL,NULL,NULL,'en',71,'2016-09-05 14:46:25',5213,'\0'),(5453,NULL,'aKey','aPushSpecificValue',NULL,NULL,NULL,'en',72,'2016-09-05 14:46:25',5214,'\0'),(5454,642,'maxLength','200.0',NULL,NULL,NULL,'en',NULL,'2016-09-05 14:46:25',5215,'\0'),(5455,642,'title','Feedback',NULL,NULL,NULL,'en',NULL,'2016-09-05 14:46:25',5216,'\0'),(5456,642,'hint','Please enter your feedback',NULL,NULL,NULL,'en',NULL,'2016-09-05 14:46:25',5217,'\0'),(5457,642,'label','Please write about your problem',NULL,NULL,NULL,'en',NULL,'2016-09-05 14:46:25',5218,'\0'),(5458,642,'labelPositioning','left',NULL,NULL,NULL,'en',NULL,'2016-09-05 14:46:25',5219,'\0'),(5459,642,'labelColor','#353535',NULL,NULL,NULL,'en',NULL,'2016-09-05 14:46:25',5220,'\0'),(5460,642,'labelFontSize','15.0',NULL,NULL,NULL,'en',NULL,'2016-09-05 14:46:25',5221,'\0'),(5461,642,'textareaFontColor','#7A7A7A',NULL,NULL,NULL,'en',NULL,'2016-09-05 14:46:25',5222,'\0'),(5462,642,'mandatory','1.0',NULL,NULL,NULL,'en',NULL,'2016-09-05 14:46:25',5223,'\0'),(5463,642,'mandatoryReminder','Please fill in the text field',NULL,NULL,NULL,'en',NULL,'2016-09-05 14:46:25',5224,'\0'),(5464,642,'undoEnabled','1.0',NULL,NULL,NULL,'en',NULL,'2016-09-05 14:46:25',5225,'\0'),(5465,642,'undoSteps','1.0',NULL,NULL,NULL,'en',NULL,'2016-09-05 14:46:25',5226,'\0'),(5466,642,'clearInput','0.0',NULL,NULL,NULL,'en',NULL,'2016-09-05 14:46:25',5227,'\0'),(5467,642,'borderWidth','2.0',NULL,NULL,NULL,'en',NULL,'2016-09-05 14:46:25',5228,'\0'),(5468,642,'borderColor','#000000',NULL,NULL,NULL,'en',NULL,'2016-09-05 14:46:25',5229,'\0'),(5469,642,'fieldWidth','200.0',NULL,NULL,NULL,'en',NULL,'2016-09-05 14:46:25',5230,'\0'),(5470,642,'fieldHeight','50.0',NULL,NULL,NULL,'en',NULL,'2016-09-05 14:46:25',5231,'\0'),(5471,642,'fieldFontSize','13.0',NULL,NULL,NULL,'en',NULL,'2016-09-05 14:46:25',5232,'\0'),(5472,642,'fieldFontType','italic',NULL,NULL,NULL,'en',NULL,'2016-09-05 14:46:25',5233,'\0'),(5473,642,'fieldTextAlignment','left',NULL,NULL,NULL,'en',NULL,'2016-09-05 14:46:25',5234,'\0'),(5474,642,'fieldBackgroundColor','#ffffff',NULL,NULL,NULL,'en',NULL,'2016-09-05 14:46:25',5235,'\0'),(5475,642,'maxLengthVisible','1.0',NULL,NULL,NULL,'en',NULL,'2016-09-05 14:46:25',5236,'\0'),(5476,642,'validationRegex','.',NULL,NULL,NULL,'en',NULL,'2016-09-05 14:46:25',5237,'\0'),(5477,642,'validateOnSkip','1.0',NULL,NULL,NULL,'en',NULL,'2016-09-05 14:46:25',5238,'\0'),(5478,643,'maxTime','30.0','30.0','\0',NULL,'en',NULL,'2016-09-05 14:46:25',5239,'\0'),(5479,644,'title','Title for screenshot feedback',NULL,NULL,NULL,'en',NULL,'2016-09-05 14:46:25',5240,'\0'),(5480,644,'defaultPicture','lastScreenshot','noImage','',NULL,'en',NULL,'2016-09-05 14:46:25',5241,'\0'),(5481,645,'title','Rate your user experience on this page',NULL,NULL,NULL,'en',NULL,'2016-09-05 14:46:25',5242,'\0'),(5482,645,'ratingIcon','star',NULL,NULL,NULL,'en',NULL,'2016-09-05 14:46:25',5243,'\0'),(5483,645,'maxRating','5.0',NULL,NULL,NULL,'en',NULL,'2016-09-05 14:46:25',5244,'\0'),(5484,645,'defaultRating','3.0','0.0','\0',NULL,'en',NULL,'2016-09-05 14:46:25',5245,'\0'),(5485,NULL,'likelihood','0.4',NULL,NULL,NULL,'en',73,'2016-09-05 14:46:25',5246,'\0'),(5486,NULL,'askOnAppStartup','0.0',NULL,NULL,NULL,'en',73,'2016-09-05 14:46:25',5247,'\0'),(5487,646,'maxLength','50.0',NULL,NULL,NULL,'en',NULL,'2016-09-05 14:46:25',5248,'\0'),(5488,646,'title','Feedback Pull',NULL,NULL,NULL,'en',NULL,'2016-09-05 14:46:25',5249,'\0'),(5489,646,'hint','Please enter your feedback',NULL,NULL,NULL,'en',NULL,'2016-09-05 14:46:25',5250,'\0'),(5490,646,'label','Feedback',NULL,NULL,NULL,'en',NULL,'2016-09-05 14:46:25',5251,'\0'),(5491,646,'labelPositioning','left',NULL,NULL,NULL,'en',NULL,'2016-09-05 14:46:25',5252,'\0'),(5492,646,'labelFontSize','12.0',NULL,NULL,NULL,'en',NULL,'2016-09-05 14:46:25',5253,'\0'),(5493,646,'mandatory','1.0',NULL,NULL,NULL,'en',NULL,'2016-09-05 14:46:25',5254,'\0'),(5494,646,'mandatoryReminder','Please fill in the text field',NULL,NULL,NULL,'en',NULL,'2016-09-05 14:46:25',5255,'\0'),(5495,646,'undoEnabled','1.0',NULL,NULL,NULL,'en',NULL,'2016-09-05 14:46:25',5256,'\0'),(5496,646,'undoSteps','1.0',NULL,NULL,NULL,'en',NULL,'2016-09-05 14:46:25',5257,'\0'),(5497,646,'clearInput','0.0',NULL,NULL,NULL,'en',NULL,'2016-09-05 14:46:25',5258,'\0'),(5498,646,'borderWidth','2.0',NULL,NULL,NULL,'en',NULL,'2016-09-05 14:46:25',5259,'\0'),(5499,646,'borderColor','#000000',NULL,NULL,NULL,'en',NULL,'2016-09-05 14:46:25',5260,'\0'),(5500,646,'fieldWidth','200.0',NULL,NULL,NULL,'en',NULL,'2016-09-05 14:46:25',5261,'\0'),(5501,646,'fieldHeight','50.0',NULL,NULL,NULL,'en',NULL,'2016-09-05 14:46:25',5262,'\0'),(5502,646,'fieldBackgroundColor','#ffffff',NULL,NULL,NULL,'en',NULL,'2016-09-05 14:46:25',5263,'\0'),(5503,646,'maxLengthVisible','1.0',NULL,NULL,NULL,'en',NULL,'2016-09-05 14:46:25',5264,'\0'),(5504,646,'validationRegex','.',NULL,NULL,NULL,'en',NULL,'2016-09-05 14:46:25',5265,'\0'),(5505,646,'validateOnSkip','1.0',NULL,NULL,NULL,'en',NULL,'2016-09-05 14:46:25',5266,'\0'),(5506,647,'title','Rate your user experience',NULL,NULL,NULL,'en',NULL,'2016-09-05 14:46:25',5267,'\0'),(5507,647,'ratingIcon','star',NULL,NULL,NULL,'en',NULL,'2016-09-05 14:46:25',5268,'\0'),(5508,647,'maxRating','5.0',NULL,NULL,NULL,'en',NULL,'2016-09-05 14:46:25',5269,'\0'),(5509,647,'defaultRating','2.0','0.0','\0',NULL,'en',NULL,'2016-09-05 14:46:25',5270,'\0'),(5510,648,'title','Title for screenshot feedback',NULL,NULL,NULL,'en',NULL,'2016-09-05 14:46:25',5271,'\0'),(5511,648,'defaultPicture','lastScreenshot','noImage','',NULL,'en',NULL,'2016-09-05 14:46:25',5272,'\0'),(5512,NULL,'reviewActive','0.0',NULL,NULL,NULL,'en',74,'2016-09-05 14:46:25',5273,'\0'),(5513,NULL,'likelihood','0.2',NULL,NULL,NULL,'en',74,'2016-09-05 14:46:25',5274,'\0'),(5514,NULL,'askOnAppStartup','0.0',NULL,NULL,NULL,'en',74,'2016-09-05 14:46:25',5275,'\0'),(5515,649,'title','Rate your user experience',NULL,NULL,NULL,'en',NULL,'2016-09-05 14:46:25',5276,'\0'),(5516,649,'ratingIcon','star',NULL,NULL,NULL,'en',NULL,'2016-09-05 14:46:25',5277,'\0'),(5517,649,'maxRating','5.0',NULL,NULL,NULL,'en',NULL,'2016-09-05 14:46:25',5278,'\0'),(5518,649,'defaultRating','2.0','0.0','\0',NULL,'en',NULL,'2016-09-05 14:46:25',5279,'\0'),(5519,650,'title','Please choose from the following categories',NULL,NULL,NULL,'en',NULL,'2016-09-05 14:46:25',5280,'\0'),(5520,650,'ownAllowed','1.0',NULL,NULL,NULL,'en',NULL,'2016-09-05 14:46:25',5281,'\0'),(5521,650,'multiple','1.0',NULL,NULL,NULL,'en',NULL,'2016-09-05 14:46:25',5282,'\0'),(5522,650,'options',NULL,NULL,NULL,NULL,'en',NULL,'2016-09-05 14:46:25',5283,'\0'),(5523,650,'BUG_CATEGORY','Bug',NULL,NULL,5283,'en',NULL,'2016-09-05 14:46:25',5284,'\0'),(5524,650,'FEATURE_REQUEST_CATEGORY','Feature Request',NULL,NULL,5283,'en',NULL,'2016-09-05 14:46:25',5285,'\0'),(5525,650,'GENERAL_CATEGORY','General Feedback',NULL,NULL,5283,'en',NULL,'2016-09-05 14:46:25',5286,'\0'),(5526,NULL,'reviewActive','1.0',NULL,NULL,NULL,'en',75,'2016-09-05 15:07:14',5287,'\0'),(5527,NULL,'mainColor','#00ff00',NULL,NULL,NULL,'en',75,'2016-09-05 15:07:14',5288,'\0'),(5528,NULL,'aKey','aPushSpecificValue',NULL,NULL,NULL,'en',76,'2016-09-05 15:07:14',5289,'\0'),(5529,654,'maxLength','200.0',NULL,NULL,NULL,'en',NULL,'2016-09-05 15:07:14',5290,'\0'),(5530,654,'title','Feedback',NULL,NULL,NULL,'en',NULL,'2016-09-05 15:07:14',5291,'\0'),(5531,654,'hint','Please enter your feedback',NULL,NULL,NULL,'en',NULL,'2016-09-05 15:07:14',5292,'\0'),(5532,654,'label','Please write about your problem',NULL,NULL,NULL,'en',NULL,'2016-09-05 15:07:14',5293,'\0'),(5533,654,'labelPositioning','left',NULL,NULL,NULL,'en',NULL,'2016-09-05 15:07:14',5294,'\0'),(5534,654,'labelColor','#353535',NULL,NULL,NULL,'en',NULL,'2016-09-05 15:07:14',5295,'\0'),(5535,654,'labelFontSize','15.0',NULL,NULL,NULL,'en',NULL,'2016-09-05 15:07:14',5296,'\0'),(5536,654,'textareaFontColor','#7A7A7A',NULL,NULL,NULL,'en',NULL,'2016-09-05 15:07:14',5297,'\0'),(5537,654,'mandatory','1.0',NULL,NULL,NULL,'en',NULL,'2016-09-05 15:07:14',5298,'\0'),(5538,654,'mandatoryReminder','Please fill in the text field',NULL,NULL,NULL,'en',NULL,'2016-09-05 15:07:14',5299,'\0'),(5539,654,'undoEnabled','1.0',NULL,NULL,NULL,'en',NULL,'2016-09-05 15:07:14',5300,'\0'),(5540,654,'undoSteps','1.0',NULL,NULL,NULL,'en',NULL,'2016-09-05 15:07:14',5301,'\0'),(5541,654,'clearInput','0.0',NULL,NULL,NULL,'en',NULL,'2016-09-05 15:07:14',5302,'\0'),(5542,654,'borderWidth','2.0',NULL,NULL,NULL,'en',NULL,'2016-09-05 15:07:14',5303,'\0'),(5543,654,'borderColor','#000000',NULL,NULL,NULL,'en',NULL,'2016-09-05 15:07:14',5304,'\0'),(5544,654,'fieldWidth','200.0',NULL,NULL,NULL,'en',NULL,'2016-09-05 15:07:14',5305,'\0'),(5545,654,'fieldHeight','50.0',NULL,NULL,NULL,'en',NULL,'2016-09-05 15:07:14',5306,'\0'),(5546,654,'fieldFontSize','13.0',NULL,NULL,NULL,'en',NULL,'2016-09-05 15:07:14',5307,'\0'),(5547,654,'fieldFontType','italic',NULL,NULL,NULL,'en',NULL,'2016-09-05 15:07:14',5308,'\0'),(5548,654,'fieldTextAlignment','left',NULL,NULL,NULL,'en',NULL,'2016-09-05 15:07:14',5309,'\0'),(5549,654,'fieldBackgroundColor','#ffffff',NULL,NULL,NULL,'en',NULL,'2016-09-05 15:07:14',5310,'\0'),(5550,654,'maxLengthVisible','1.0',NULL,NULL,NULL,'en',NULL,'2016-09-05 15:07:14',5311,'\0'),(5551,654,'validationRegex','.',NULL,NULL,NULL,'en',NULL,'2016-09-05 15:07:14',5312,'\0'),(5552,654,'validateOnSkip','1.0',NULL,NULL,NULL,'en',NULL,'2016-09-05 15:07:14',5313,'\0'),(5553,655,'maxTime','30.0','30.0','\0',NULL,'en',NULL,'2016-09-05 15:07:14',5314,'\0'),(5554,656,'title','Title for screenshot feedback',NULL,NULL,NULL,'en',NULL,'2016-09-05 15:07:14',5315,'\0'),(5555,656,'defaultPicture','lastScreenshot','noImage','',NULL,'en',NULL,'2016-09-05 15:07:14',5316,'\0'),(5556,657,'title','Rate your user experience on this page',NULL,NULL,NULL,'en',NULL,'2016-09-05 15:07:14',5317,'\0'),(5557,657,'ratingIcon','star',NULL,NULL,NULL,'en',NULL,'2016-09-05 15:07:14',5318,'\0'),(5558,657,'maxRating','5.0',NULL,NULL,NULL,'en',NULL,'2016-09-05 15:07:14',5319,'\0'),(5559,657,'defaultRating','3.0','0.0','\0',NULL,'en',NULL,'2016-09-05 15:07:14',5320,'\0'),(5560,NULL,'likelihood','0.4',NULL,NULL,NULL,'en',77,'2016-09-05 15:07:14',5321,'\0'),(5561,NULL,'askOnAppStartup','0.0',NULL,NULL,NULL,'en',77,'2016-09-05 15:07:14',5322,'\0'),(5562,658,'maxLength','50.0',NULL,NULL,NULL,'en',NULL,'2016-09-05 15:07:14',5323,'\0'),(5563,658,'title','Feedback Pull',NULL,NULL,NULL,'en',NULL,'2016-09-05 15:07:14',5324,'\0'),(5564,658,'hint','Please enter your feedback',NULL,NULL,NULL,'en',NULL,'2016-09-05 15:07:14',5325,'\0'),(5565,658,'label','Feedback',NULL,NULL,NULL,'en',NULL,'2016-09-05 15:07:14',5326,'\0'),(5566,658,'labelPositioning','left',NULL,NULL,NULL,'en',NULL,'2016-09-05 15:07:14',5327,'\0'),(5567,658,'labelFontSize','12.0',NULL,NULL,NULL,'en',NULL,'2016-09-05 15:07:14',5328,'\0'),(5568,658,'mandatory','1.0',NULL,NULL,NULL,'en',NULL,'2016-09-05 15:07:14',5329,'\0'),(5569,658,'mandatoryReminder','Please fill in the text field',NULL,NULL,NULL,'en',NULL,'2016-09-05 15:07:14',5330,'\0'),(5570,658,'undoEnabled','1.0',NULL,NULL,NULL,'en',NULL,'2016-09-05 15:07:14',5331,'\0'),(5571,658,'undoSteps','1.0',NULL,NULL,NULL,'en',NULL,'2016-09-05 15:07:14',5332,'\0'),(5572,658,'clearInput','0.0',NULL,NULL,NULL,'en',NULL,'2016-09-05 15:07:14',5333,'\0'),(5573,658,'borderWidth','2.0',NULL,NULL,NULL,'en',NULL,'2016-09-05 15:07:14',5334,'\0'),(5574,658,'borderColor','#000000',NULL,NULL,NULL,'en',NULL,'2016-09-05 15:07:14',5335,'\0'),(5575,658,'fieldWidth','200.0',NULL,NULL,NULL,'en',NULL,'2016-09-05 15:07:14',5336,'\0'),(5576,658,'fieldHeight','50.0',NULL,NULL,NULL,'en',NULL,'2016-09-05 15:07:14',5337,'\0'),(5577,658,'fieldBackgroundColor','#ffffff',NULL,NULL,NULL,'en',NULL,'2016-09-05 15:07:14',5338,'\0'),(5578,658,'maxLengthVisible','1.0',NULL,NULL,NULL,'en',NULL,'2016-09-05 15:07:14',5339,'\0'),(5579,658,'validationRegex','.',NULL,NULL,NULL,'en',NULL,'2016-09-05 15:07:14',5340,'\0'),(5580,658,'validateOnSkip','1.0',NULL,NULL,NULL,'en',NULL,'2016-09-05 15:07:14',5341,'\0'),(5581,659,'title','Rate your user experience',NULL,NULL,NULL,'en',NULL,'2016-09-05 15:07:14',5342,'\0'),(5582,659,'ratingIcon','star',NULL,NULL,NULL,'en',NULL,'2016-09-05 15:07:14',5343,'\0'),(5583,659,'maxRating','5.0',NULL,NULL,NULL,'en',NULL,'2016-09-05 15:07:14',5344,'\0'),(5584,659,'defaultRating','2.0','0.0','\0',NULL,'en',NULL,'2016-09-05 15:07:14',5345,'\0'),(5585,660,'title','Title for screenshot feedback',NULL,NULL,NULL,'en',NULL,'2016-09-05 15:07:14',5346,'\0'),(5586,660,'defaultPicture','lastScreenshot','noImage','',NULL,'en',NULL,'2016-09-05 15:07:14',5347,'\0'),(5587,NULL,'reviewActive','0.0',NULL,NULL,NULL,'en',78,'2016-09-05 15:07:14',5348,'\0'),(5588,NULL,'likelihood','0.2',NULL,NULL,NULL,'en',78,'2016-09-05 15:07:14',5349,'\0'),(5589,NULL,'askOnAppStartup','0.0',NULL,NULL,NULL,'en',78,'2016-09-05 15:07:14',5350,'\0'),(5590,661,'title','Rate your user experience',NULL,NULL,NULL,'en',NULL,'2016-09-05 15:07:14',5351,'\0'),(5591,661,'ratingIcon','star',NULL,NULL,NULL,'en',NULL,'2016-09-05 15:07:14',5352,'\0'),(5592,661,'maxRating','5.0',NULL,NULL,NULL,'en',NULL,'2016-09-05 15:07:14',5353,'\0'),(5593,661,'defaultRating','2.0','0.0','\0',NULL,'en',NULL,'2016-09-05 15:07:14',5354,'\0'),(5594,662,'title','Please choose from the following categories',NULL,NULL,NULL,'en',NULL,'2016-09-05 15:07:14',5355,'\0'),(5595,662,'ownAllowed','1.0',NULL,NULL,NULL,'en',NULL,'2016-09-05 15:07:14',5356,'\0'),(5596,662,'multiple','1.0',NULL,NULL,NULL,'en',NULL,'2016-09-05 15:07:14',5357,'\0'),(5597,662,'options',NULL,NULL,NULL,NULL,'en',NULL,'2016-09-05 15:07:14',5358,'\0'),(5598,662,'BUG_CATEGORY','Bug',NULL,NULL,5358,'en',NULL,'2016-09-05 15:07:14',5359,'\0'),(5599,662,'FEATURE_REQUEST_CATEGORY','Feature Request',NULL,NULL,5358,'en',NULL,'2016-09-05 15:07:14',5360,'\0'),(5600,662,'GENERAL_CATEGORY','General Feedback',NULL,NULL,5358,'en',NULL,'2016-09-05 15:07:14',5361,'\0'),(5601,NULL,'reviewActive','1.0',NULL,NULL,NULL,'en',79,'2016-09-05 15:15:31',5362,'\0'),(5602,NULL,'mainColor','#00ff00',NULL,NULL,NULL,'en',79,'2016-09-05 15:15:31',5363,'\0'),(5603,NULL,'aKey','aPushSpecificValue',NULL,NULL,NULL,'en',80,'2016-09-05 15:15:31',5364,'\0'),(5604,665,'maxLength','200.0',NULL,NULL,NULL,'en',NULL,'2016-09-05 15:15:31',5365,'\0'),(5605,665,'title','Feedback',NULL,NULL,NULL,'en',NULL,'2016-09-05 15:15:31',5366,'\0'),(5606,665,'hint','Please enter your feedback',NULL,NULL,NULL,'en',NULL,'2016-09-05 15:15:31',5367,'\0'),(5607,665,'label','Please write about your problem',NULL,NULL,NULL,'en',NULL,'2016-09-05 15:15:31',5368,'\0'),(5608,665,'labelPositioning','left',NULL,NULL,NULL,'en',NULL,'2016-09-05 15:15:31',5369,'\0'),(5609,665,'labelColor','#353535',NULL,NULL,NULL,'en',NULL,'2016-09-05 15:15:31',5370,'\0'),(5610,665,'labelFontSize','15.0',NULL,NULL,NULL,'en',NULL,'2016-09-05 15:15:31',5371,'\0'),(5611,665,'textareaFontColor','#7A7A7A',NULL,NULL,NULL,'en',NULL,'2016-09-05 15:15:31',5372,'\0'),(5612,665,'mandatory','1.0',NULL,NULL,NULL,'en',NULL,'2016-09-05 15:15:31',5373,'\0'),(5613,665,'mandatoryReminder','Please fill in the text field',NULL,NULL,NULL,'en',NULL,'2016-09-05 15:15:31',5374,'\0'),(5614,665,'undoEnabled','1.0',NULL,NULL,NULL,'en',NULL,'2016-09-05 15:15:31',5375,'\0'),(5615,665,'undoSteps','1.0',NULL,NULL,NULL,'en',NULL,'2016-09-05 15:15:31',5376,'\0'),(5616,665,'clearInput','0.0',NULL,NULL,NULL,'en',NULL,'2016-09-05 15:15:31',5377,'\0'),(5617,665,'borderWidth','2.0',NULL,NULL,NULL,'en',NULL,'2016-09-05 15:15:31',5378,'\0'),(5618,665,'borderColor','#000000',NULL,NULL,NULL,'en',NULL,'2016-09-05 15:15:31',5379,'\0'),(5619,665,'fieldWidth','200.0',NULL,NULL,NULL,'en',NULL,'2016-09-05 15:15:31',5380,'\0'),(5620,665,'fieldHeight','50.0',NULL,NULL,NULL,'en',NULL,'2016-09-05 15:15:31',5381,'\0'),(5621,665,'fieldFontSize','13.0',NULL,NULL,NULL,'en',NULL,'2016-09-05 15:15:31',5382,'\0'),(5622,665,'fieldFontType','italic',NULL,NULL,NULL,'en',NULL,'2016-09-05 15:15:31',5383,'\0'),(5623,665,'fieldTextAlignment','left',NULL,NULL,NULL,'en',NULL,'2016-09-05 15:15:31',5384,'\0'),(5624,665,'fieldBackgroundColor','#ffffff',NULL,NULL,NULL,'en',NULL,'2016-09-05 15:15:31',5385,'\0'),(5625,665,'maxLengthVisible','1.0',NULL,NULL,NULL,'en',NULL,'2016-09-05 15:15:31',5386,'\0'),(5626,665,'validationRegex','.',NULL,NULL,NULL,'en',NULL,'2016-09-05 15:15:31',5387,'\0'),(5627,665,'validateOnSkip','1.0',NULL,NULL,NULL,'en',NULL,'2016-09-05 15:15:31',5388,'\0'),(5628,666,'maxTime','30.0','30.0','\0',NULL,'en',NULL,'2016-09-05 15:15:31',5389,'\0'),(5629,667,'title','Title for screenshot feedback',NULL,NULL,NULL,'en',NULL,'2016-09-05 15:15:31',5390,'\0'),(5630,667,'defaultPicture','lastScreenshot','noImage','',NULL,'en',NULL,'2016-09-05 15:15:31',5391,'\0'),(5631,668,'title','Rate your user experience on this page',NULL,NULL,NULL,'en',NULL,'2016-09-05 15:15:31',5392,'\0'),(5632,668,'ratingIcon','star',NULL,NULL,NULL,'en',NULL,'2016-09-05 15:15:31',5393,'\0'),(5633,668,'maxRating','5.0',NULL,NULL,NULL,'en',NULL,'2016-09-05 15:15:31',5394,'\0'),(5634,668,'defaultRating','3.0','0.0','\0',NULL,'en',NULL,'2016-09-05 15:15:31',5395,'\0'),(5635,NULL,'likelihood','0.4',NULL,NULL,NULL,'en',81,'2016-09-05 15:15:31',5396,'\0'),(5636,NULL,'askOnAppStartup','0.0',NULL,NULL,NULL,'en',81,'2016-09-05 15:15:31',5397,'\0'),(5637,669,'maxLength','50.0',NULL,NULL,NULL,'en',NULL,'2016-09-05 15:15:31',5398,'\0'),(5638,669,'title','Feedback Pull',NULL,NULL,NULL,'en',NULL,'2016-09-05 15:15:31',5399,'\0'),(5639,669,'hint','Please enter your feedback',NULL,NULL,NULL,'en',NULL,'2016-09-05 15:15:31',5400,'\0'),(5640,669,'label','Feedback',NULL,NULL,NULL,'en',NULL,'2016-09-05 15:15:31',5401,'\0'),(5641,669,'labelPositioning','left',NULL,NULL,NULL,'en',NULL,'2016-09-05 15:15:31',5402,'\0'),(5642,669,'labelFontSize','12.0',NULL,NULL,NULL,'en',NULL,'2016-09-05 15:15:31',5403,'\0'),(5643,669,'mandatory','1.0',NULL,NULL,NULL,'en',NULL,'2016-09-05 15:15:31',5404,'\0'),(5644,669,'mandatoryReminder','Please fill in the text field',NULL,NULL,NULL,'en',NULL,'2016-09-05 15:15:31',5405,'\0'),(5645,669,'undoEnabled','1.0',NULL,NULL,NULL,'en',NULL,'2016-09-05 15:15:31',5406,'\0'),(5646,669,'undoSteps','1.0',NULL,NULL,NULL,'en',NULL,'2016-09-05 15:15:31',5407,'\0'),(5647,669,'clearInput','0.0',NULL,NULL,NULL,'en',NULL,'2016-09-05 15:15:31',5408,'\0'),(5648,669,'borderWidth','2.0',NULL,NULL,NULL,'en',NULL,'2016-09-05 15:15:31',5409,'\0'),(5649,669,'borderColor','#000000',NULL,NULL,NULL,'en',NULL,'2016-09-05 15:15:31',5410,'\0'),(5650,669,'fieldWidth','200.0',NULL,NULL,NULL,'en',NULL,'2016-09-05 15:15:31',5411,'\0'),(5651,669,'fieldHeight','50.0',NULL,NULL,NULL,'en',NULL,'2016-09-05 15:15:31',5412,'\0'),(5652,669,'fieldBackgroundColor','#ffffff',NULL,NULL,NULL,'en',NULL,'2016-09-05 15:15:31',5413,'\0'),(5653,669,'maxLengthVisible','1.0',NULL,NULL,NULL,'en',NULL,'2016-09-05 15:15:31',5414,'\0'),(5654,669,'validationRegex','.',NULL,NULL,NULL,'en',NULL,'2016-09-05 15:15:31',5415,'\0'),(5655,669,'validateOnSkip','1.0',NULL,NULL,NULL,'en',NULL,'2016-09-05 15:15:31',5416,'\0'),(5656,670,'title','Rate your user experience',NULL,NULL,NULL,'en',NULL,'2016-09-05 15:15:31',5417,'\0'),(5657,670,'ratingIcon','star',NULL,NULL,NULL,'en',NULL,'2016-09-05 15:15:31',5418,'\0'),(5658,670,'maxRating','5.0',NULL,NULL,NULL,'en',NULL,'2016-09-05 15:15:31',5419,'\0'),(5659,670,'defaultRating','2.0','0.0','\0',NULL,'en',NULL,'2016-09-05 15:15:31',5420,'\0'),(5660,671,'title','Title for screenshot feedback',NULL,NULL,NULL,'en',NULL,'2016-09-05 15:15:31',5421,'\0'),(5661,671,'defaultPicture','lastScreenshot','noImage','',NULL,'en',NULL,'2016-09-05 15:15:31',5422,'\0'),(5662,NULL,'reviewActive','0.0',NULL,NULL,NULL,'en',82,'2016-09-05 15:15:31',5423,'\0'),(5663,NULL,'likelihood','0.2',NULL,NULL,NULL,'en',82,'2016-09-05 15:15:31',5424,'\0'),(5664,NULL,'askOnAppStartup','0.0',NULL,NULL,NULL,'en',82,'2016-09-05 15:15:31',5425,'\0'),(5665,672,'title','Rate your user experience',NULL,NULL,NULL,'en',NULL,'2016-09-05 15:15:31',5426,'\0'),(5666,672,'ratingIcon','star',NULL,NULL,NULL,'en',NULL,'2016-09-05 15:15:31',5427,'\0'),(5667,672,'maxRating','5.0',NULL,NULL,NULL,'en',NULL,'2016-09-05 15:15:31',5428,'\0'),(5668,672,'defaultRating','2.0','0.0','\0',NULL,'en',NULL,'2016-09-05 15:15:31',5429,'\0'),(5669,673,'title','Please choose from the following categories',NULL,NULL,NULL,'en',NULL,'2016-09-05 15:15:31',5430,'\0'),(5670,673,'ownAllowed','1.0',NULL,NULL,NULL,'en',NULL,'2016-09-05 15:15:31',5431,'\0'),(5671,673,'multiple','1.0',NULL,NULL,NULL,'en',NULL,'2016-09-05 15:15:31',5432,'\0'),(5672,673,'options',NULL,NULL,NULL,NULL,'en',NULL,'2016-09-05 15:15:31',5433,'\0'),(5673,673,'BUG_CATEGORY','Bug',NULL,NULL,5433,'en',NULL,'2016-09-05 15:15:31',5434,'\0'),(5674,673,'FEATURE_REQUEST_CATEGORY','Feature Request',NULL,NULL,5433,'en',NULL,'2016-09-05 15:15:31',5435,'\0'),(5675,673,'GENERAL_CATEGORY','General Feedback',NULL,NULL,5433,'en',NULL,'2016-09-05 15:15:31',5436,'\0'),(5676,NULL,'reviewActive','1.0',NULL,NULL,NULL,'en',83,'2016-09-05 15:17:24',5437,'\0'),(5677,NULL,'mainColor','#00ff00',NULL,NULL,NULL,'en',83,'2016-09-05 15:17:24',5438,'\0'),(5678,NULL,'aKey','aPushSpecificValue',NULL,NULL,NULL,'en',84,'2016-09-05 15:17:24',5439,'\0'),(5679,675,'maxLength','200.0',NULL,NULL,NULL,'en',NULL,'2016-09-05 15:17:24',5440,'\0'),(5680,675,'title','Feedback',NULL,NULL,NULL,'en',NULL,'2016-09-05 15:17:24',5441,'\0'),(5681,675,'hint','Please enter your feedback',NULL,NULL,NULL,'en',NULL,'2016-09-05 15:17:24',5442,'\0'),(5682,675,'label','Please write about your problem',NULL,NULL,NULL,'en',NULL,'2016-09-05 15:17:24',5443,'\0'),(5683,675,'labelPositioning','left',NULL,NULL,NULL,'en',NULL,'2016-09-05 15:17:24',5444,'\0'),(5684,675,'labelColor','#353535',NULL,NULL,NULL,'en',NULL,'2016-09-05 15:17:24',5445,'\0'),(5685,675,'labelFontSize','15.0',NULL,NULL,NULL,'en',NULL,'2016-09-05 15:17:24',5446,'\0'),(5686,675,'textareaFontColor','#7A7A7A',NULL,NULL,NULL,'en',NULL,'2016-09-05 15:17:24',5447,'\0'),(5687,675,'mandatory','1.0',NULL,NULL,NULL,'en',NULL,'2016-09-05 15:17:24',5448,'\0'),(5688,675,'mandatoryReminder','Please fill in the text field',NULL,NULL,NULL,'en',NULL,'2016-09-05 15:17:24',5449,'\0'),(5689,675,'undoEnabled','1.0',NULL,NULL,NULL,'en',NULL,'2016-09-05 15:17:24',5450,'\0'),(5690,675,'undoSteps','1.0',NULL,NULL,NULL,'en',NULL,'2016-09-05 15:17:24',5451,'\0'),(5691,675,'clearInput','0.0',NULL,NULL,NULL,'en',NULL,'2016-09-05 15:17:24',5452,'\0'),(5692,675,'borderWidth','2.0',NULL,NULL,NULL,'en',NULL,'2016-09-05 15:17:24',5453,'\0'),(5693,675,'borderColor','#000000',NULL,NULL,NULL,'en',NULL,'2016-09-05 15:17:24',5454,'\0'),(5694,675,'fieldWidth','200.0',NULL,NULL,NULL,'en',NULL,'2016-09-05 15:17:24',5455,'\0'),(5695,675,'fieldHeight','50.0',NULL,NULL,NULL,'en',NULL,'2016-09-05 15:17:24',5456,'\0'),(5696,675,'fieldFontSize','13.0',NULL,NULL,NULL,'en',NULL,'2016-09-05 15:17:24',5457,'\0'),(5697,675,'fieldFontType','italic',NULL,NULL,NULL,'en',NULL,'2016-09-05 15:17:24',5458,'\0'),(5698,675,'fieldTextAlignment','left',NULL,NULL,NULL,'en',NULL,'2016-09-05 15:17:24',5459,'\0'),(5699,675,'fieldBackgroundColor','#ffffff',NULL,NULL,NULL,'en',NULL,'2016-09-05 15:17:24',5460,'\0'),(5700,675,'maxLengthVisible','1.0',NULL,NULL,NULL,'en',NULL,'2016-09-05 15:17:24',5461,'\0'),(5701,675,'validationRegex','.',NULL,NULL,NULL,'en',NULL,'2016-09-05 15:17:24',5462,'\0'),(5702,675,'validateOnSkip','1.0',NULL,NULL,NULL,'en',NULL,'2016-09-05 15:17:24',5463,'\0'),(5703,676,'maxTime','30.0','30.0','\0',NULL,'en',NULL,'2016-09-05 15:17:24',5464,'\0'),(5704,677,'title','Title for screenshot feedback',NULL,NULL,NULL,'en',NULL,'2016-09-05 15:17:24',5465,'\0'),(5705,677,'defaultPicture','lastScreenshot','noImage','',NULL,'en',NULL,'2016-09-05 15:17:24',5466,'\0'),(5706,678,'title','Rate your user experience on this page',NULL,NULL,NULL,'en',NULL,'2016-09-05 15:17:24',5467,'\0'),(5707,678,'ratingIcon','star',NULL,NULL,NULL,'en',NULL,'2016-09-05 15:17:24',5468,'\0'),(5708,678,'maxRating','5.0',NULL,NULL,NULL,'en',NULL,'2016-09-05 15:17:24',5469,'\0'),(5709,678,'defaultRating','3.0','0.0','\0',NULL,'en',NULL,'2016-09-05 15:17:24',5470,'\0'),(5710,NULL,'likelihood','0.4',NULL,NULL,NULL,'en',85,'2016-09-05 15:17:24',5471,'\0'),(5711,NULL,'askOnAppStartup','0.0',NULL,NULL,NULL,'en',85,'2016-09-05 15:17:24',5472,'\0'),(5712,679,'maxLength','50.0',NULL,NULL,NULL,'en',NULL,'2016-09-05 15:17:24',5473,'\0'),(5713,679,'title','Feedback Pull',NULL,NULL,NULL,'en',NULL,'2016-09-05 15:17:24',5474,'\0'),(5714,679,'hint','Please enter your feedback',NULL,NULL,NULL,'en',NULL,'2016-09-05 15:17:24',5475,'\0'),(5715,679,'label','Feedback',NULL,NULL,NULL,'en',NULL,'2016-09-05 15:17:24',5476,'\0'),(5716,679,'labelPositioning','left',NULL,NULL,NULL,'en',NULL,'2016-09-05 15:17:24',5477,'\0'),(5717,679,'labelFontSize','12.0',NULL,NULL,NULL,'en',NULL,'2016-09-05 15:17:24',5478,'\0'),(5718,679,'mandatory','1.0',NULL,NULL,NULL,'en',NULL,'2016-09-05 15:17:24',5479,'\0'),(5719,679,'mandatoryReminder','Please fill in the text field',NULL,NULL,NULL,'en',NULL,'2016-09-05 15:17:24',5480,'\0'),(5720,679,'undoEnabled','1.0',NULL,NULL,NULL,'en',NULL,'2016-09-05 15:17:24',5481,'\0'),(5721,679,'undoSteps','1.0',NULL,NULL,NULL,'en',NULL,'2016-09-05 15:17:24',5482,'\0'),(5722,679,'clearInput','0.0',NULL,NULL,NULL,'en',NULL,'2016-09-05 15:17:24',5483,'\0'),(5723,679,'borderWidth','2.0',NULL,NULL,NULL,'en',NULL,'2016-09-05 15:17:24',5484,'\0'),(5724,679,'borderColor','#000000',NULL,NULL,NULL,'en',NULL,'2016-09-05 15:17:24',5485,'\0'),(5725,679,'fieldWidth','200.0',NULL,NULL,NULL,'en',NULL,'2016-09-05 15:17:24',5486,'\0'),(5726,679,'fieldHeight','50.0',NULL,NULL,NULL,'en',NULL,'2016-09-05 15:17:24',5487,'\0'),(5727,679,'fieldBackgroundColor','#ffffff',NULL,NULL,NULL,'en',NULL,'2016-09-05 15:17:24',5488,'\0'),(5728,679,'maxLengthVisible','1.0',NULL,NULL,NULL,'en',NULL,'2016-09-05 15:17:24',5489,'\0'),(5729,679,'validationRegex','.',NULL,NULL,NULL,'en',NULL,'2016-09-05 15:17:24',5490,'\0'),(5730,679,'validateOnSkip','1.0',NULL,NULL,NULL,'en',NULL,'2016-09-05 15:17:24',5491,'\0'),(5731,680,'title','Rate your user experience',NULL,NULL,NULL,'en',NULL,'2016-09-05 15:17:24',5492,'\0'),(5732,680,'ratingIcon','star',NULL,NULL,NULL,'en',NULL,'2016-09-05 15:17:24',5493,'\0'),(5733,680,'maxRating','5.0',NULL,NULL,NULL,'en',NULL,'2016-09-05 15:17:24',5494,'\0'),(5734,680,'defaultRating','2.0','0.0','\0',NULL,'en',NULL,'2016-09-05 15:17:24',5495,'\0'),(5735,681,'title','Title for screenshot feedback',NULL,NULL,NULL,'en',NULL,'2016-09-05 15:17:24',5496,'\0'),(5736,681,'defaultPicture','lastScreenshot','noImage','',NULL,'en',NULL,'2016-09-05 15:17:24',5497,'\0'),(5737,NULL,'reviewActive','0.0',NULL,NULL,NULL,'en',86,'2016-09-05 15:17:24',5498,'\0'),(5738,NULL,'likelihood','0.2',NULL,NULL,NULL,'en',86,'2016-09-05 15:17:24',5499,'\0'),(5739,NULL,'askOnAppStartup','0.0',NULL,NULL,NULL,'en',86,'2016-09-05 15:17:24',5500,'\0'),(5740,682,'title','Rate your user experience',NULL,NULL,NULL,'en',NULL,'2016-09-05 15:17:24',5501,'\0'),(5741,682,'ratingIcon','star',NULL,NULL,NULL,'en',NULL,'2016-09-05 15:17:24',5502,'\0'),(5742,682,'maxRating','5.0',NULL,NULL,NULL,'en',NULL,'2016-09-05 15:17:24',5503,'\0'),(5743,682,'defaultRating','2.0','0.0','\0',NULL,'en',NULL,'2016-09-05 15:17:24',5504,'\0'),(5744,683,'title','Please choose from the following categories',NULL,NULL,NULL,'en',NULL,'2016-09-05 15:17:24',5505,'\0'),(5745,683,'ownAllowed','1.0',NULL,NULL,NULL,'en',NULL,'2016-09-05 15:17:24',5506,'\0'),(5746,683,'multiple','1.0',NULL,NULL,NULL,'en',NULL,'2016-09-05 15:17:24',5507,'\0'),(5747,683,'options',NULL,NULL,NULL,NULL,'en',NULL,'2016-09-05 15:17:24',5508,'\0'),(5748,683,'BUG_CATEGORY','Bug',NULL,NULL,5508,'en',NULL,'2016-09-05 15:17:24',5509,'\0'),(5749,683,'FEATURE_REQUEST_CATEGORY','Feature Request',NULL,NULL,5508,'en',NULL,'2016-09-05 15:17:24',5510,'\0'),(5750,683,'GENERAL_CATEGORY','General Feedback',NULL,NULL,5508,'en',NULL,'2016-09-05 15:17:24',5511,'\0'),(5751,NULL,'reviewActive','1.0',NULL,NULL,NULL,'en',87,'2016-09-05 15:33:06',5512,'\0'),(5752,NULL,'mainColor','#00ff00',NULL,NULL,NULL,'en',87,'2016-09-05 15:33:06',5513,'\0'),(5753,NULL,'aKey','aPushSpecificValue',NULL,NULL,NULL,'en',88,'2016-09-05 15:33:08',5514,'\0'),(5754,689,'maxLength','200.0',NULL,NULL,NULL,'en',NULL,'2016-09-05 15:33:42',5515,'\0'),(5755,689,'title','Feedback',NULL,NULL,NULL,'en',NULL,'2016-09-05 15:33:45',5516,'\0'),(5756,689,'hint','Please enter your feedback',NULL,NULL,NULL,'en',NULL,'2016-09-05 15:33:46',5517,'\0'),(5757,689,'label','Please write about your problem',NULL,NULL,NULL,'en',NULL,'2016-09-05 15:33:46',5518,'\0'),(5758,689,'labelPositioning','left',NULL,NULL,NULL,'en',NULL,'2016-09-05 15:33:47',5519,'\0'),(5759,689,'labelColor','#353535',NULL,NULL,NULL,'en',NULL,'2016-09-05 15:33:49',5520,'\0'),(5760,689,'labelFontSize','15.0',NULL,NULL,NULL,'en',NULL,'2016-09-05 15:33:49',5521,'\0'),(5761,689,'textareaFontColor','#7A7A7A',NULL,NULL,NULL,'en',NULL,'2016-09-05 15:33:49',5522,'\0'),(5762,689,'mandatory','1.0',NULL,NULL,NULL,'en',NULL,'2016-09-05 15:33:49',5523,'\0'),(5763,689,'mandatoryReminder','Please fill in the text field',NULL,NULL,NULL,'en',NULL,'2016-09-05 15:33:49',5524,'\0'),(5764,689,'undoEnabled','1.0',NULL,NULL,NULL,'en',NULL,'2016-09-05 15:33:49',5525,'\0'),(5765,689,'undoSteps','1.0',NULL,NULL,NULL,'en',NULL,'2016-09-05 15:33:49',5526,'\0'),(5766,689,'clearInput','0.0',NULL,NULL,NULL,'en',NULL,'2016-09-05 15:33:49',5527,'\0'),(5767,689,'borderWidth','2.0',NULL,NULL,NULL,'en',NULL,'2016-09-05 15:33:49',5528,'\0'),(5768,689,'borderColor','#000000',NULL,NULL,NULL,'en',NULL,'2016-09-05 15:33:49',5529,'\0'),(5769,689,'fieldWidth','200.0',NULL,NULL,NULL,'en',NULL,'2016-09-05 15:33:49',5530,'\0'),(5770,689,'fieldHeight','50.0',NULL,NULL,NULL,'en',NULL,'2016-09-05 15:33:49',5531,'\0'),(5771,689,'fieldFontSize','13.0',NULL,NULL,NULL,'en',NULL,'2016-09-05 15:33:49',5532,'\0'),(5772,689,'fieldFontType','italic',NULL,NULL,NULL,'en',NULL,'2016-09-05 15:33:49',5533,'\0'),(5773,689,'fieldTextAlignment','left',NULL,NULL,NULL,'en',NULL,'2016-09-05 15:33:49',5534,'\0'),(5774,689,'fieldBackgroundColor','#ffffff',NULL,NULL,NULL,'en',NULL,'2016-09-05 15:33:49',5535,'\0'),(5775,689,'maxLengthVisible','1.0',NULL,NULL,NULL,'en',NULL,'2016-09-05 15:33:49',5536,'\0'),(5776,689,'validationRegex','.',NULL,NULL,NULL,'en',NULL,'2016-09-05 15:33:49',5537,'\0'),(5777,689,'validateOnSkip','1.0',NULL,NULL,NULL,'en',NULL,'2016-09-05 15:33:49',5538,'\0'),(5778,690,'maxTime','30.0','30.0','\0',NULL,'en',NULL,'2016-09-05 15:33:49',5539,'\0'),(5779,691,'title','Title for screenshot feedback',NULL,NULL,NULL,'en',NULL,'2016-09-05 15:33:49',5540,'\0'),(5780,691,'defaultPicture','lastScreenshot','noImage','',NULL,'en',NULL,'2016-09-05 15:33:49',5541,'\0'),(5781,692,'title','Rate your user experience on this page',NULL,NULL,NULL,'en',NULL,'2016-09-05 15:33:49',5542,'\0'),(5782,692,'ratingIcon','star',NULL,NULL,NULL,'en',NULL,'2016-09-05 15:33:49',5543,'\0'),(5783,692,'maxRating','5.0',NULL,NULL,NULL,'en',NULL,'2016-09-05 15:33:49',5544,'\0'),(5784,692,'defaultRating','3.0','0.0','\0',NULL,'en',NULL,'2016-09-05 15:33:49',5545,'\0'),(5785,NULL,'likelihood','0.4',NULL,NULL,NULL,'en',89,'2016-09-05 15:33:49',5546,'\0'),(5786,NULL,'askOnAppStartup','0.0',NULL,NULL,NULL,'en',89,'2016-09-05 15:33:49',5547,'\0'),(5787,693,'maxLength','50.0',NULL,NULL,NULL,'en',NULL,'2016-09-05 15:33:49',5548,'\0'),(5788,693,'title','Feedback Pull',NULL,NULL,NULL,'en',NULL,'2016-09-05 15:33:49',5549,'\0'),(5789,693,'hint','Please enter your feedback',NULL,NULL,NULL,'en',NULL,'2016-09-05 15:33:49',5550,'\0'),(5790,693,'label','Feedback',NULL,NULL,NULL,'en',NULL,'2016-09-05 15:33:49',5551,'\0'),(5791,693,'labelPositioning','left',NULL,NULL,NULL,'en',NULL,'2016-09-05 15:33:49',5552,'\0'),(5792,693,'labelFontSize','12.0',NULL,NULL,NULL,'en',NULL,'2016-09-05 15:33:49',5553,'\0'),(5793,693,'mandatory','1.0',NULL,NULL,NULL,'en',NULL,'2016-09-05 15:33:49',5554,'\0'),(5794,693,'mandatoryReminder','Please fill in the text field',NULL,NULL,NULL,'en',NULL,'2016-09-05 15:33:49',5555,'\0'),(5795,693,'undoEnabled','1.0',NULL,NULL,NULL,'en',NULL,'2016-09-05 15:33:49',5556,'\0'),(5796,693,'undoSteps','1.0',NULL,NULL,NULL,'en',NULL,'2016-09-05 15:33:49',5557,'\0'),(5797,693,'clearInput','0.0',NULL,NULL,NULL,'en',NULL,'2016-09-05 15:33:49',5558,'\0'),(5798,693,'borderWidth','2.0',NULL,NULL,NULL,'en',NULL,'2016-09-05 15:33:49',5559,'\0'),(5799,693,'borderColor','#000000',NULL,NULL,NULL,'en',NULL,'2016-09-05 15:33:49',5560,'\0'),(5800,693,'fieldWidth','200.0',NULL,NULL,NULL,'en',NULL,'2016-09-05 15:33:49',5561,'\0'),(5801,693,'fieldHeight','50.0',NULL,NULL,NULL,'en',NULL,'2016-09-05 15:33:49',5562,'\0'),(5802,693,'fieldBackgroundColor','#ffffff',NULL,NULL,NULL,'en',NULL,'2016-09-05 15:33:49',5563,'\0'),(5803,693,'maxLengthVisible','1.0',NULL,NULL,NULL,'en',NULL,'2016-09-05 15:33:49',5564,'\0'),(5804,693,'validationRegex','.',NULL,NULL,NULL,'en',NULL,'2016-09-05 15:33:49',5565,'\0'),(5805,693,'validateOnSkip','1.0',NULL,NULL,NULL,'en',NULL,'2016-09-05 15:33:49',5566,'\0'),(5806,694,'title','Rate your user experience',NULL,NULL,NULL,'en',NULL,'2016-09-05 15:33:49',5567,'\0'),(5807,694,'ratingIcon','star',NULL,NULL,NULL,'en',NULL,'2016-09-05 15:33:49',5568,'\0'),(5808,694,'maxRating','5.0',NULL,NULL,NULL,'en',NULL,'2016-09-05 15:33:49',5569,'\0'),(5809,694,'defaultRating','2.0','0.0','\0',NULL,'en',NULL,'2016-09-05 15:33:49',5570,'\0'),(5810,695,'title','Title for screenshot feedback',NULL,NULL,NULL,'en',NULL,'2016-09-05 15:33:49',5571,'\0'),(5811,695,'defaultPicture','lastScreenshot','noImage','',NULL,'en',NULL,'2016-09-05 15:33:49',5572,'\0'),(5812,NULL,'reviewActive','0.0',NULL,NULL,NULL,'en',90,'2016-09-05 15:33:49',5573,'\0'),(5813,NULL,'likelihood','0.2',NULL,NULL,NULL,'en',90,'2016-09-05 15:33:49',5574,'\0'),(5814,NULL,'askOnAppStartup','0.0',NULL,NULL,NULL,'en',90,'2016-09-05 15:33:49',5575,'\0'),(5815,696,'title','Rate your user experience',NULL,NULL,NULL,'en',NULL,'2016-09-05 15:33:49',5576,'\0'),(5816,696,'ratingIcon','star',NULL,NULL,NULL,'en',NULL,'2016-09-05 15:33:49',5577,'\0'),(5817,696,'maxRating','5.0',NULL,NULL,NULL,'en',NULL,'2016-09-05 15:33:49',5578,'\0'),(5818,696,'defaultRating','2.0','0.0','\0',NULL,'en',NULL,'2016-09-05 15:33:49',5579,'\0'),(5819,697,'title','Please choose from the following categories',NULL,NULL,NULL,'en',NULL,'2016-09-05 15:33:49',5580,'\0'),(5820,697,'ownAllowed','1.0',NULL,NULL,NULL,'en',NULL,'2016-09-05 15:33:49',5581,'\0'),(5821,697,'multiple','1.0',NULL,NULL,NULL,'en',NULL,'2016-09-05 15:33:49',5582,'\0'),(5822,697,'options',NULL,NULL,NULL,NULL,'en',NULL,'2016-09-05 15:33:49',5583,'\0'),(5823,697,'BUG_CATEGORY','Bug',NULL,NULL,5583,'en',NULL,'2016-09-05 15:33:49',5584,'\0'),(5824,697,'FEATURE_REQUEST_CATEGORY','Feature Request',NULL,NULL,5583,'en',NULL,'2016-09-05 15:33:49',5585,'\0'),(5825,697,'GENERAL_CATEGORY','General Feedback',NULL,NULL,5583,'en',NULL,'2016-09-05 15:33:49',5586,'\0'),(5826,NULL,'reviewActive','1.0',NULL,NULL,NULL,'en',91,'2016-09-05 15:34:02',5587,'\0'),(5827,NULL,'mainColor','#00ff00',NULL,NULL,NULL,'en',91,'2016-09-05 15:34:02',5588,'\0'),(5828,NULL,'aKey','aPushSpecificValue',NULL,NULL,NULL,'en',92,'2016-09-05 15:34:02',5589,'\0'),(5829,698,'maxLength','200.0',NULL,NULL,NULL,'en',NULL,'2016-09-05 15:34:02',5590,'\0'),(5830,698,'title','Feedback',NULL,NULL,NULL,'en',NULL,'2016-09-05 15:34:02',5591,'\0'),(5831,698,'hint','Please enter your feedback',NULL,NULL,NULL,'en',NULL,'2016-09-05 15:34:02',5592,'\0'),(5832,698,'label','Please write about your problem',NULL,NULL,NULL,'en',NULL,'2016-09-05 15:34:02',5593,'\0'),(5833,698,'labelPositioning','left',NULL,NULL,NULL,'en',NULL,'2016-09-05 15:34:02',5594,'\0'),(5834,698,'labelColor','#353535',NULL,NULL,NULL,'en',NULL,'2016-09-05 15:34:02',5595,'\0'),(5835,698,'labelFontSize','15.0',NULL,NULL,NULL,'en',NULL,'2016-09-05 15:34:02',5596,'\0'),(5836,698,'textareaFontColor','#7A7A7A',NULL,NULL,NULL,'en',NULL,'2016-09-05 15:34:02',5597,'\0'),(5837,698,'mandatory','1.0',NULL,NULL,NULL,'en',NULL,'2016-09-05 15:34:02',5598,'\0'),(5838,698,'mandatoryReminder','Please fill in the text field',NULL,NULL,NULL,'en',NULL,'2016-09-05 15:34:02',5599,'\0'),(5839,698,'undoEnabled','1.0',NULL,NULL,NULL,'en',NULL,'2016-09-05 15:34:02',5600,'\0'),(5840,698,'undoSteps','1.0',NULL,NULL,NULL,'en',NULL,'2016-09-05 15:34:02',5601,'\0'),(5841,698,'clearInput','0.0',NULL,NULL,NULL,'en',NULL,'2016-09-05 15:34:02',5602,'\0'),(5842,698,'borderWidth','2.0',NULL,NULL,NULL,'en',NULL,'2016-09-05 15:34:02',5603,'\0'),(5843,698,'borderColor','#000000',NULL,NULL,NULL,'en',NULL,'2016-09-05 15:34:02',5604,'\0'),(5844,698,'fieldWidth','200.0',NULL,NULL,NULL,'en',NULL,'2016-09-05 15:34:02',5605,'\0'),(5845,698,'fieldHeight','50.0',NULL,NULL,NULL,'en',NULL,'2016-09-05 15:34:02',5606,'\0'),(5846,698,'fieldFontSize','13.0',NULL,NULL,NULL,'en',NULL,'2016-09-05 15:34:02',5607,'\0'),(5847,698,'fieldFontType','italic',NULL,NULL,NULL,'en',NULL,'2016-09-05 15:34:02',5608,'\0'),(5848,698,'fieldTextAlignment','left',NULL,NULL,NULL,'en',NULL,'2016-09-05 15:34:02',5609,'\0'),(5849,698,'fieldBackgroundColor','#ffffff',NULL,NULL,NULL,'en',NULL,'2016-09-05 15:34:02',5610,'\0'),(5850,698,'maxLengthVisible','1.0',NULL,NULL,NULL,'en',NULL,'2016-09-05 15:34:02',5611,'\0'),(5851,698,'validationRegex','.',NULL,NULL,NULL,'en',NULL,'2016-09-05 15:34:02',5612,'\0'),(5852,698,'validateOnSkip','1.0',NULL,NULL,NULL,'en',NULL,'2016-09-05 15:34:02',5613,'\0'),(5853,699,'maxTime','30.0','30.0','\0',NULL,'en',NULL,'2016-09-05 15:34:02',5614,'\0'),(5854,700,'title','Title for screenshot feedback',NULL,NULL,NULL,'en',NULL,'2016-09-05 15:34:02',5615,'\0'),(5855,700,'defaultPicture','lastScreenshot','noImage','',NULL,'en',NULL,'2016-09-05 15:34:02',5616,'\0'),(5856,701,'title','Rate your user experience on this page',NULL,NULL,NULL,'en',NULL,'2016-09-05 15:34:02',5617,'\0'),(5857,701,'ratingIcon','star',NULL,NULL,NULL,'en',NULL,'2016-09-05 15:34:02',5618,'\0'),(5858,701,'maxRating','5.0',NULL,NULL,NULL,'en',NULL,'2016-09-05 15:34:02',5619,'\0'),(5859,701,'defaultRating','3.0','0.0','\0',NULL,'en',NULL,'2016-09-05 15:34:02',5620,'\0'),(5860,NULL,'likelihood','0.4',NULL,NULL,NULL,'en',93,'2016-09-05 15:34:02',5621,'\0'),(5861,NULL,'askOnAppStartup','0.0',NULL,NULL,NULL,'en',93,'2016-09-05 15:34:02',5622,'\0'),(5862,702,'maxLength','50.0',NULL,NULL,NULL,'en',NULL,'2016-09-05 15:34:02',5623,'\0'),(5863,702,'title','Feedback Pull',NULL,NULL,NULL,'en',NULL,'2016-09-05 15:34:03',5624,'\0'),(5864,702,'hint','Please enter your feedback',NULL,NULL,NULL,'en',NULL,'2016-09-05 15:34:03',5625,'\0'),(5865,702,'label','Feedback',NULL,NULL,NULL,'en',NULL,'2016-09-05 15:34:03',5626,'\0'),(5866,702,'labelPositioning','left',NULL,NULL,NULL,'en',NULL,'2016-09-05 15:34:03',5627,'\0'),(5867,702,'labelFontSize','12.0',NULL,NULL,NULL,'en',NULL,'2016-09-05 15:34:03',5628,'\0'),(5868,702,'mandatory','1.0',NULL,NULL,NULL,'en',NULL,'2016-09-05 15:34:03',5629,'\0'),(5869,702,'mandatoryReminder','Please fill in the text field',NULL,NULL,NULL,'en',NULL,'2016-09-05 15:34:03',5630,'\0'),(5870,702,'undoEnabled','1.0',NULL,NULL,NULL,'en',NULL,'2016-09-05 15:34:03',5631,'\0'),(5871,702,'undoSteps','1.0',NULL,NULL,NULL,'en',NULL,'2016-09-05 15:34:03',5632,'\0'),(5872,702,'clearInput','0.0',NULL,NULL,NULL,'en',NULL,'2016-09-05 15:34:03',5633,'\0'),(5873,702,'borderWidth','2.0',NULL,NULL,NULL,'en',NULL,'2016-09-05 15:34:03',5634,'\0'),(5874,702,'borderColor','#000000',NULL,NULL,NULL,'en',NULL,'2016-09-05 15:34:03',5635,'\0'),(5875,702,'fieldWidth','200.0',NULL,NULL,NULL,'en',NULL,'2016-09-05 15:34:03',5636,'\0'),(5876,702,'fieldHeight','50.0',NULL,NULL,NULL,'en',NULL,'2016-09-05 15:34:03',5637,'\0'),(5877,702,'fieldBackgroundColor','#ffffff',NULL,NULL,NULL,'en',NULL,'2016-09-05 15:34:03',5638,'\0'),(5878,702,'maxLengthVisible','1.0',NULL,NULL,NULL,'en',NULL,'2016-09-05 15:34:03',5639,'\0'),(5879,702,'validationRegex','.',NULL,NULL,NULL,'en',NULL,'2016-09-05 15:34:03',5640,'\0'),(5880,702,'validateOnSkip','1.0',NULL,NULL,NULL,'en',NULL,'2016-09-05 15:34:03',5641,'\0'),(5881,703,'title','Rate your user experience',NULL,NULL,NULL,'en',NULL,'2016-09-05 15:34:03',5642,'\0'),(5882,703,'ratingIcon','star',NULL,NULL,NULL,'en',NULL,'2016-09-05 15:34:03',5643,'\0'),(5883,703,'maxRating','5.0',NULL,NULL,NULL,'en',NULL,'2016-09-05 15:34:03',5644,'\0'),(5884,703,'defaultRating','2.0','0.0','\0',NULL,'en',NULL,'2016-09-05 15:34:03',5645,'\0'),(5885,704,'title','Title for screenshot feedback',NULL,NULL,NULL,'en',NULL,'2016-09-05 15:34:03',5646,'\0'),(5886,704,'defaultPicture','lastScreenshot','noImage','',NULL,'en',NULL,'2016-09-05 15:34:03',5647,'\0'),(5887,NULL,'reviewActive','0.0',NULL,NULL,NULL,'en',94,'2016-09-05 15:34:03',5648,'\0'),(5888,NULL,'likelihood','0.2',NULL,NULL,NULL,'en',94,'2016-09-05 15:34:03',5649,'\0'),(5889,NULL,'askOnAppStartup','0.0',NULL,NULL,NULL,'en',94,'2016-09-05 15:34:03',5650,'\0'),(5890,705,'title','Rate your user experience',NULL,NULL,NULL,'en',NULL,'2016-09-05 15:34:03',5651,'\0'),(5891,705,'ratingIcon','star',NULL,NULL,NULL,'en',NULL,'2016-09-05 15:34:03',5652,'\0'),(5892,705,'maxRating','5.0',NULL,NULL,NULL,'en',NULL,'2016-09-05 15:34:03',5653,'\0'),(5893,705,'defaultRating','2.0','0.0','\0',NULL,'en',NULL,'2016-09-05 15:34:03',5654,'\0'),(5894,706,'title','Please choose from the following categories',NULL,NULL,NULL,'en',NULL,'2016-09-05 15:34:03',5655,'\0'),(5895,706,'ownAllowed','1.0',NULL,NULL,NULL,'en',NULL,'2016-09-05 15:34:03',5656,'\0'),(5896,706,'multiple','1.0',NULL,NULL,NULL,'en',NULL,'2016-09-05 15:34:03',5657,'\0'),(5897,706,'options',NULL,NULL,NULL,NULL,'en',NULL,'2016-09-05 15:34:03',5658,'\0'),(5898,706,'BUG_CATEGORY','Bug',NULL,NULL,5658,'en',NULL,'2016-09-05 15:34:03',5659,'\0'),(5899,706,'FEATURE_REQUEST_CATEGORY','Feature Request',NULL,NULL,5658,'en',NULL,'2016-09-05 15:34:03',5660,'\0'),(5900,706,'GENERAL_CATEGORY','General Feedback',NULL,NULL,5658,'en',NULL,'2016-09-05 15:34:03',5661,'\0'),(5901,NULL,'reviewActive','1.0',NULL,NULL,NULL,'en',95,'2016-09-05 15:34:12',5662,'\0'),(5902,NULL,'mainColor','#00ff00',NULL,NULL,NULL,'en',95,'2016-09-05 15:34:12',5663,'\0'),(5903,NULL,'aKey','aPushSpecificValue',NULL,NULL,NULL,'en',96,'2016-09-05 15:34:12',5664,'\0'),(5904,707,'maxLength','200.0',NULL,NULL,NULL,'en',NULL,'2016-09-05 15:34:12',5665,'\0'),(5905,707,'title','Feedback',NULL,NULL,NULL,'en',NULL,'2016-09-05 15:34:12',5666,'\0'),(5906,707,'hint','Please enter your feedback',NULL,NULL,NULL,'en',NULL,'2016-09-05 15:34:12',5667,'\0'),(5907,707,'label','Please write about your problem',NULL,NULL,NULL,'en',NULL,'2016-09-05 15:34:12',5668,'\0'),(5908,707,'labelPositioning','left',NULL,NULL,NULL,'en',NULL,'2016-09-05 15:34:12',5669,'\0'),(5909,707,'labelColor','#353535',NULL,NULL,NULL,'en',NULL,'2016-09-05 15:34:12',5670,'\0'),(5910,707,'labelFontSize','15.0',NULL,NULL,NULL,'en',NULL,'2016-09-05 15:34:12',5671,'\0'),(5911,707,'textareaFontColor','#7A7A7A',NULL,NULL,NULL,'en',NULL,'2016-09-05 15:34:12',5672,'\0'),(5912,707,'mandatory','1.0',NULL,NULL,NULL,'en',NULL,'2016-09-05 15:34:12',5673,'\0'),(5913,707,'mandatoryReminder','Please fill in the text field',NULL,NULL,NULL,'en',NULL,'2016-09-05 15:34:12',5674,'\0'),(5914,707,'undoEnabled','1.0',NULL,NULL,NULL,'en',NULL,'2016-09-05 15:34:12',5675,'\0'),(5915,707,'undoSteps','1.0',NULL,NULL,NULL,'en',NULL,'2016-09-05 15:34:12',5676,'\0'),(5916,707,'clearInput','0.0',NULL,NULL,NULL,'en',NULL,'2016-09-05 15:34:12',5677,'\0'),(5917,707,'borderWidth','2.0',NULL,NULL,NULL,'en',NULL,'2016-09-05 15:34:12',5678,'\0'),(5918,707,'borderColor','#000000',NULL,NULL,NULL,'en',NULL,'2016-09-05 15:34:12',5679,'\0'),(5919,707,'fieldWidth','200.0',NULL,NULL,NULL,'en',NULL,'2016-09-05 15:34:12',5680,'\0'),(5920,707,'fieldHeight','50.0',NULL,NULL,NULL,'en',NULL,'2016-09-05 15:34:12',5681,'\0'),(5921,707,'fieldFontSize','13.0',NULL,NULL,NULL,'en',NULL,'2016-09-05 15:34:12',5682,'\0'),(5922,707,'fieldFontType','italic',NULL,NULL,NULL,'en',NULL,'2016-09-05 15:34:12',5683,'\0'),(5923,707,'fieldTextAlignment','left',NULL,NULL,NULL,'en',NULL,'2016-09-05 15:34:12',5684,'\0'),(5924,707,'fieldBackgroundColor','#ffffff',NULL,NULL,NULL,'en',NULL,'2016-09-05 15:34:12',5685,'\0'),(5925,707,'maxLengthVisible','1.0',NULL,NULL,NULL,'en',NULL,'2016-09-05 15:34:12',5686,'\0'),(5926,707,'validationRegex','.',NULL,NULL,NULL,'en',NULL,'2016-09-05 15:34:12',5687,'\0'),(5927,707,'validateOnSkip','1.0',NULL,NULL,NULL,'en',NULL,'2016-09-05 15:34:12',5688,'\0'),(5928,708,'maxTime','30.0','30.0','\0',NULL,'en',NULL,'2016-09-05 15:34:12',5689,'\0'),(5929,709,'title','Title for screenshot feedback',NULL,NULL,NULL,'en',NULL,'2016-09-05 15:34:12',5690,'\0'),(5930,709,'defaultPicture','lastScreenshot','noImage','',NULL,'en',NULL,'2016-09-05 15:34:12',5691,'\0'),(5931,710,'title','Rate your user experience on this page',NULL,NULL,NULL,'en',NULL,'2016-09-05 15:34:12',5692,'\0'),(5932,710,'ratingIcon','star',NULL,NULL,NULL,'en',NULL,'2016-09-05 15:34:12',5693,'\0'),(5933,710,'maxRating','5.0',NULL,NULL,NULL,'en',NULL,'2016-09-05 15:34:12',5694,'\0'),(5934,710,'defaultRating','3.0','0.0','\0',NULL,'en',NULL,'2016-09-05 15:34:12',5695,'\0'),(5935,NULL,'likelihood','0.4',NULL,NULL,NULL,'en',97,'2016-09-05 15:34:12',5696,'\0'),(5936,NULL,'askOnAppStartup','0.0',NULL,NULL,NULL,'en',97,'2016-09-05 15:34:12',5697,'\0'),(5937,711,'maxLength','50.0',NULL,NULL,NULL,'en',NULL,'2016-09-05 15:34:12',5698,'\0'),(5938,711,'title','Feedback Pull',NULL,NULL,NULL,'en',NULL,'2016-09-05 15:34:12',5699,'\0'),(5939,711,'hint','Please enter your feedback',NULL,NULL,NULL,'en',NULL,'2016-09-05 15:34:12',5700,'\0'),(5940,711,'label','Feedback',NULL,NULL,NULL,'en',NULL,'2016-09-05 15:34:12',5701,'\0'),(5941,711,'labelPositioning','left',NULL,NULL,NULL,'en',NULL,'2016-09-05 15:34:12',5702,'\0'),(5942,711,'labelFontSize','12.0',NULL,NULL,NULL,'en',NULL,'2016-09-05 15:34:12',5703,'\0'),(5943,711,'mandatory','1.0',NULL,NULL,NULL,'en',NULL,'2016-09-05 15:34:12',5704,'\0'),(5944,711,'mandatoryReminder','Please fill in the text field',NULL,NULL,NULL,'en',NULL,'2016-09-05 15:34:12',5705,'\0'),(5945,711,'undoEnabled','1.0',NULL,NULL,NULL,'en',NULL,'2016-09-05 15:34:12',5706,'\0'),(5946,711,'undoSteps','1.0',NULL,NULL,NULL,'en',NULL,'2016-09-05 15:34:12',5707,'\0'),(5947,711,'clearInput','0.0',NULL,NULL,NULL,'en',NULL,'2016-09-05 15:34:12',5708,'\0'),(5948,711,'borderWidth','2.0',NULL,NULL,NULL,'en',NULL,'2016-09-05 15:34:12',5709,'\0'),(5949,711,'borderColor','#000000',NULL,NULL,NULL,'en',NULL,'2016-09-05 15:34:12',5710,'\0'),(5950,711,'fieldWidth','200.0',NULL,NULL,NULL,'en',NULL,'2016-09-05 15:34:12',5711,'\0'),(5951,711,'fieldHeight','50.0',NULL,NULL,NULL,'en',NULL,'2016-09-05 15:34:12',5712,'\0'),(5952,711,'fieldBackgroundColor','#ffffff',NULL,NULL,NULL,'en',NULL,'2016-09-05 15:34:12',5713,'\0'),(5953,711,'maxLengthVisible','1.0',NULL,NULL,NULL,'en',NULL,'2016-09-05 15:34:12',5714,'\0'),(5954,711,'validationRegex','.',NULL,NULL,NULL,'en',NULL,'2016-09-05 15:34:12',5715,'\0'),(5955,711,'validateOnSkip','1.0',NULL,NULL,NULL,'en',NULL,'2016-09-05 15:34:12',5716,'\0'),(5956,712,'title','Rate your user experience',NULL,NULL,NULL,'en',NULL,'2016-09-05 15:34:12',5717,'\0'),(5957,712,'ratingIcon','star',NULL,NULL,NULL,'en',NULL,'2016-09-05 15:34:12',5718,'\0'),(5958,712,'maxRating','5.0',NULL,NULL,NULL,'en',NULL,'2016-09-05 15:34:12',5719,'\0'),(5959,712,'defaultRating','2.0','0.0','\0',NULL,'en',NULL,'2016-09-05 15:34:12',5720,'\0'),(5960,713,'title','Title for screenshot feedback',NULL,NULL,NULL,'en',NULL,'2016-09-05 15:34:12',5721,'\0'),(5961,713,'defaultPicture','lastScreenshot','noImage','',NULL,'en',NULL,'2016-09-05 15:34:12',5722,'\0'),(5962,NULL,'reviewActive','0.0',NULL,NULL,NULL,'en',98,'2016-09-05 15:34:12',5723,'\0'),(5963,NULL,'likelihood','0.2',NULL,NULL,NULL,'en',98,'2016-09-05 15:34:12',5724,'\0'),(5964,NULL,'askOnAppStartup','0.0',NULL,NULL,NULL,'en',98,'2016-09-05 15:34:12',5725,'\0'),(5965,714,'title','Rate your user experience',NULL,NULL,NULL,'en',NULL,'2016-09-05 15:34:12',5726,'\0'),(5966,714,'ratingIcon','star',NULL,NULL,NULL,'en',NULL,'2016-09-05 15:34:12',5727,'\0'),(5967,714,'maxRating','5.0',NULL,NULL,NULL,'en',NULL,'2016-09-05 15:34:12',5728,'\0'),(5968,714,'defaultRating','2.0','0.0','\0',NULL,'en',NULL,'2016-09-05 15:34:12',5729,'\0'),(5969,715,'title','Please choose from the following categories',NULL,NULL,NULL,'en',NULL,'2016-09-05 15:34:12',5730,'\0'),(5970,715,'ownAllowed','1.0',NULL,NULL,NULL,'en',NULL,'2016-09-05 15:34:12',5731,'\0'),(5971,715,'multiple','1.0',NULL,NULL,NULL,'en',NULL,'2016-09-05 15:34:12',5732,'\0'),(5972,715,'options',NULL,NULL,NULL,NULL,'en',NULL,'2016-09-05 15:34:12',5733,'\0'),(5973,715,'BUG_CATEGORY','Bug',NULL,NULL,5733,'en',NULL,'2016-09-05 15:34:12',5734,'\0'),(5974,715,'FEATURE_REQUEST_CATEGORY','Feature Request',NULL,NULL,5733,'en',NULL,'2016-09-05 15:34:12',5735,'\0'),(5975,715,'GENERAL_CATEGORY','General Feedback',NULL,NULL,5733,'en',NULL,'2016-09-05 15:34:12',5736,'\0'),(5976,625,'maxTime','20.0','30.0','\0',NULL,'en',NULL,'2016-09-15 15:42:21',5089,'\0'),(5977,625,'maxTime','10.0','30.0','\0',NULL,'en',NULL,'2016-09-15 15:42:41',5089,'\0'),(5978,625,'maxTime','10.0','30.0','\0',NULL,'en',NULL,'2016-09-15 15:43:08',5089,'\0'),(5979,625,'maxTime','10.0','30.0','\0',NULL,'en',NULL,'2016-09-15 15:47:06',5089,'\0');
/*!40000 ALTER TABLE `parameters_history` ENABLE KEYS */;
UNLOCK TABLES;

--
-- Table structure for table `user_groups`
--

DROP TABLE IF EXISTS `user_groups`;
/*!40101 SET @saved_cs_client     = @@character_set_client */;
/*!40101 SET character_set_client = utf8 */;
CREATE TABLE `user_groups` (
  `id` int(11) NOT NULL AUTO_INCREMENT,
  `name` varchar(45) NOT NULL DEFAULT 'default',
  PRIMARY KEY (`id`)
) ENGINE=InnoDB DEFAULT CHARSET=utf8;
/*!40101 SET character_set_client = @saved_cs_client */;

--
-- Dumping data for table `user_groups`
--

LOCK TABLES `user_groups` WRITE;
/*!40000 ALTER TABLE `user_groups` DISABLE KEYS */;
/*!40000 ALTER TABLE `user_groups` ENABLE KEYS */;
UNLOCK TABLES;

--
-- Table structure for table `users`
--

DROP TABLE IF EXISTS `users`;
/*!40101 SET @saved_cs_client     = @@character_set_client */;
/*!40101 SET character_set_client = utf8 */;
CREATE TABLE `users` (
  `id` int(11) NOT NULL AUTO_INCREMENT,
  `name` varchar(45) NOT NULL,
  `user_group_id` int(11) NOT NULL,
  PRIMARY KEY (`id`),
  KEY `fk_users_1_idx` (`user_group_id`)
) ENGINE=InnoDB DEFAULT CHARSET=utf8;
/*!40101 SET character_set_client = @saved_cs_client */;

--
-- Dumping data for table `users`
--

LOCK TABLES `users` WRITE;
/*!40000 ALTER TABLE `users` DISABLE KEYS */;
/*!40000 ALTER TABLE `users` ENABLE KEYS */;
UNLOCK TABLES;
/*!40103 SET TIME_ZONE=@OLD_TIME_ZONE */;

/*!40101 SET SQL_MODE=@OLD_SQL_MODE */;
/*!40014 SET FOREIGN_KEY_CHECKS=@OLD_FOREIGN_KEY_CHECKS */;
/*!40014 SET UNIQUE_CHECKS=@OLD_UNIQUE_CHECKS */;
/*!40101 SET CHARACTER_SET_CLIENT=@OLD_CHARACTER_SET_CLIENT */;
/*!40101 SET CHARACTER_SET_RESULTS=@OLD_CHARACTER_SET_RESULTS */;
/*!40101 SET COLLATION_CONNECTION=@OLD_COLLATION_CONNECTION */;
/*!40111 SET SQL_NOTES=@OLD_SQL_NOTES */;

-- Dump completed on 2016-09-15 17:59:00